sex,alder,pop_2023,pop_2064,pop_2065,pop_2066,pop_2067,pop_2068,pop_2069,pop_2070,pop_2071,pop_2072,pop_2073,pop_2074,pop_2075,pop_2076,pop_2077,pop_2078,pop_2079,pop_2080,pop_2081,pop_2082,pop_2083,pop_2084,pop_2085,pop_2086,pop_2087,pop_2088,pop_2089,pop_2090,pop_2091,pop_2092,pop_2093,pop_2094,pop_2095,pop_2096,pop_2097,pop_2098,pop_2099,pop_2100,pop_2101,pop_2102,pop_2103,pop_2104,pop_2105,pop_2106,pop_2107,pop_2108,pop_2109,pop_2110,pop_2111,pop_2112,pop_2113
K,0,18502.0,18348.0,18078.0,18183.0,17968.0,17868.0,17668.0,17475.0,17346.0,17205.0,16924.0,16939.0,16741.0,16530.0,16426.0,16308.0,16076.0,15998.0,15934.0,15595.0,15369.0,15110.0,15043.0,15028.0,14851.0,14673.0,14407.0,14342.0,14117.0,13901.0,13968.0,13739.0,13735.0,13648.0,13563.0,13283.0,13164.0,13283.0,12882.0,12767.0,12754.0,12525.0,12564.0,12397.0,12283.0,12210.0,12079.0,11922.0,11841.0,11655.0,11685.0
K,1,18768.0,18502.0,18347.0,18075.0,18181.0,17964.0,17867.0,17667.0,17472.0,17346.0,17204.0,16922.0,16939.0,16739.0,16530.0,16425.0,16308.0,16075.0,15997.0,15932.0,15594.0,15369.0,15109.0,15041.0,15028.0,14850.0,14673.0,14407.0,14342.0,14116.0,13900.0,13968.0,13739.0,13735.0,13646.0,13562.0,13282.0,13164.0,13283.0,12882.0,12766.0,12754.0,12524.0,12563.0,12397.0,12282.0,12210.0,12079.0,11922.0,11841.0,11654.0
K,2,18734.0,18768.0,18502.0,18347.0,18074.0,18179.0,17964.0,17865.0,17666.0,17471.0,17345.0,17204.0,16922.0,16938.0,16738.0,16529.0,16424.0,16307.0,16073.0,15996.0,15932.0,15593.0,15368.0,15108.0,15040.0,15028.0,14850.0,14673.0,14407.0,14342.0,14115.0,13900.0,13968.0,13739.0,13735.0,13646.0,13561.0,13282.0,13164.0,13283.0,12881.0,12766.0,12754.0,12524.0,12563.0,12397.0,12282.0,12209.0,12079.0,11921.0,11840.0
K,3,19065.0,18734.0,18768.0,18500.0,18347.0,18073.0,18177.0,17964.0,17865.0,17665.0,17468.0,17344.0,17203.0,16921.0,16937.0,16738.0,16528.0,16424.0,16307.0,16073.0,15996.0,15932.0,15592.0,15368.0,15106.0,15040.0,15027.0,14849.0,14673.0,14407.0,14341.0,14114.0,13900.0,13968.0,13739.0,13734.0,13645.0,13561.0,13282.0,13164.0,13283.0,12880.0,12766.0,12753.0,12524.0,12563.0,12395.0,12282.0,12208.0,12079.0,11921.0
K,4,19182.0,19065.0,18734.0,18768.0,18500.0,18347.0,18071.0,18176.0,17963.0,17865.0,17665.0,17466.0,17344.0,17203.0,16919.0,16937.0,16738.0,16528.0,16423.0,16306.0,16073.0,15995.0,15931.0,15592.0,15367.0,15104.0,15039.0,15027.0,14849.0,14671.0,14406.0,14341.0,14114.0,13899.0,13966.0,13739.0,13734.0,13644.0,13561.0,13282.0,13163.0,13282.0,12878.0,12766.0,12753.0,12524.0,12563.0,12395.0,12282.0,12208.0,12078.0
K,5,19333.0,19182.0,19065.0,18734.0,18768.0,18500.0,18347.0,18071.0,18176.0,17963.0,17865.0,17665.0,17466.0,17344.0,17203.0,16919.0,16937.0,16738.0,16528.0,16423.0,16306.0,16073.0,15995.0,15931.0,15592.0,15367.0,15104.0,15039.0,15027.0,14849.0,14671.0,14406.0,14341.0,14114.0,13899.0,13966.0,13739.0,13734.0,13644.0,13561.0,13282.0,13163.0,13282.0,12877.0,12766.0,12753.0,12524.0,12563.0,12395.0,12282.0,12208.0
K,6,19385.0,19333.0,19182.0,19065.0,18734.0,18768.0,18500.0,18347.0,18071.0,18176.0,17963.0,17865.0,17665.0,17466.0,17344.0,17203.0,16919.0,16936.0,16738.0,16528.0,16423.0,16306.0,16073.0,15995.0,15931.0,15591.0,15367.0,15104.0,15039.0,15027.0,14849.0,14671.0,14406.0,14341.0,14114.0,13899.0,13966.0,13739.0,13734.0,13643.0,13561.0,13282.0,13163.0,13282.0,12877.0,12765.0,12753.0,12524.0,12563.0,12395.0,12282.0
K,7,19595.0,19385.0,19333.0,19182.0,19065.0,18733.0,18768.0,18500.0,18347.0,18071.0,18176.0,17963.0,17865.0,17665.0,17466.0,17344.0,17203.0,16919.0,16936.0,16738.0,16528.0,16423.0,16306.0,16073.0,15995.0,15931.0,15591.0,15367.0,15104.0,15039.0,15027.0,14849.0,14671.0,14406.0,14341.0,14114.0,13899.0,13966.0,13739.0,13734.0,13643.0,13561.0,13282.0,13163.0,13282.0,12877.0,12765.0,12753.0,12524.0,12562.0,12395.0
K,8,20148.0,19595.0,19384.0,19333.0,19182.0,19065.0,18733.0,18768.0,18500.0,18347.0,18071.0,18176.0,17963.0,17865.0,17664.0,17466.0,17344.0,17203.0,16919.0,16936.0,16738.0,16528.0,16423.0,16306.0,16073.0,15995.0,15931.0,15591.0,15367.0,15104.0,15039.0,15027.0,14849.0,14671.0,14406.0,14341.0,14114.0,13899.0,13966.0,13739.0,13734.0,13643.0,13561.0,13282.0,13163.0,13282.0,12877.0,12765.0,12753.0,12524.0,12562.0
K,9,20190.0,20148.0,19595.0,19384.0,19333.0,19182.0,19065.0,18733.0,18768.0,18500.0,18347.0,18071.0,18176.0,17963.0,17865.0,17664.0,17465.0,17344.0,17203.0,16919.0,16935.0,16738.0,16528.0,16423.0,16306.0,16073.0,15995.0,15931.0,15591.0,15367.0,15103.0,15039.0,15027.0,14849.0,14671.0,14406.0,14341.0,14114.0,13899.0,13966.0,13739.0,13734.0,13643.0,13561.0,13282.0,13163.0,13282.0,12877.0,12765.0,12753.0,12524.0
K,10,20316.0,20190.0,20147.0,19595.0,19384.0,19332.0,19182.0,19065.0,18733.0,18768.0,18500.0,18346.0,18071.0,18176.0,17963.0,17865.0,17664.0,17465.0,17344.0,17203.0,16918.0,16935.0,16738.0,16528.0,16423.0,16306.0,16073.0,15995.0,15930.0,15591.0,15367.0,15103.0,15039.0,15027.0,14849.0,14671.0,14406.0,14341.0,14114.0,13899.0,13966.0,13739.0,13733.0,13643.0,13560.0,13282.0,13162.0,13282.0,12877.0,12765.0,12753.0
K,11,20552.0,20316.0,20190.0,20147.0,19595.0,19384.0,19332.0,19182.0,19065.0,18733.0,18768.0,18500.0,18346.0,18071.0,18176.0,17963.0,17865.0,17664.0,17465.0,17344.0,17203.0,16918.0,16935.0,16738.0,16528.0,16423.0,16306.0,16073.0,15995.0,15930.0,15591.0,15367.0,15103.0,15039.0,15027.0,14849.0,14670.0,14406.0,14341.0,14114.0,13899.0,13966.0,13739.0,13733.0,13643.0,13560.0,13282.0,13162.0,13282.0,12877.0,12765.0
K,12,20953.0,20552.0,20316.0,20190.0,20147.0,19595.0,19384.0,19332.0,19182.0,19065.0,18733.0,18768.0,18500.0,18346.0,18071.0,18176.0,17963.0,17865.0,17664.0,17465.0,17344.0,17203.0,16918.0,16935.0,16738.0,16528.0,16423.0,16306.0,16073.0,15995.0,15930.0,15591.0,15367.0,15103.0,15039.0,15027.0,14849.0,14670.0,14406.0,14341.0,14114.0,13898.0,13966.0,13739.0,13733.0,13643.0,13560.0,13282.0,13162.0,13282.0,12877.0
K,13,21283.0,20953.0,20552.0,20315.0,20190.0,20147.0,19594.0,19384.0,19332.0,19181.0,19065.0,18733.0,18768.0,18500.0,18346.0,18071.0,18176.0,17963.0,17865.0,17664.0,17465.0,17344.0,17203.0,16918.0,16935.0,16738.0,16528.0,16423.0,16306.0,16073.0,15995.0,15930.0,15591.0,15367.0,15103.0,15039.0,15027.0,14849.0,14670.0,14406.0,14341.0,14114.0,13896.0,13966.0,13739.0,13732.0,13643.0,13560.0,13282.0,13162.0,13282.0
K,14,21169.0,21283.0,20953.0,20552.0,20315.0,20190.0,20147.0,19594.0,19384.0,19332.0,19181.0,19065.0,18732.0,18768.0,18500.0,18346.0,18071.0,18176.0,17963.0,17865.0,17664.0,17465.0,17344.0,17203.0,16918.0,16934.0,16738.0,16528.0,16423.0,16306.0,16073.0,15995.0,15930.0,15591.0,15367.0,15103.0,15039.0,15027.0,14849.0,14670.0,14406.0,14341.0,14114.0,13896.0,13966.0,13739.0,13732.0,13643.0,13560.0,13282.0,13162.0
K,15,21747.0,21168.0,21283.0,20953.0,20551.0,20315.0,20190.0,20147.0,19594.0,19384.0,19332.0,19181.0,19065.0,18732.0,18768.0,18500.0,18346.0,18071.0,18176.0,17962.0,17865.0,17663.0,17465.0,17344.0,17203.0,16918.0,16934.0,16738.0,16528.0,16423.0,16305.0,16073.0,15994.0,15929.0,15590.0,15366.0,15103.0,15039.0,15027.0,14848.0,14670.0,14406.0,14341.0,14113.0,13896.0,13965.0,13739.0,13732.0,13642.0,13560.0,13282.0
K,16,22217.0,21747.0,21167.0,21283.0,20953.0,20551.0,20314.0,20189.0,20147.0,19593.0,19382.0,19331.0,19181.0,19065.0,18732.0,18768.0,18500.0,18346.0,18071.0,18176.0,17962.0,17865.0,17663.0,17464.0,17344.0,17203.0,16917.0,16934.0,16738.0,16527.0,16422.0,16305.0,16073.0,15994.0,15929.0,15590.0,15365.0,15103.0,15039.0,15027.0,14848.0,14669.0,14406.0,14341.0,14113.0,13896.0,13965.0,13739.0,13731.0,13641.0,13560.0
K,17,22315.0,22217.0,21746.0,21165.0,21283.0,20953.0,20551.0,20313.0,20189.0,20147.0,19592.0,19381.0,19330.0,19180.0,19065.0,18732.0,18767.0,18500.0,18346.0,18070.0,18176.0,17961.0,17864.0,17663.0,17464.0,17343.0,17203.0,16917.0,16934.0,16738.0,16527.0,16422.0,16305.0,16073.0,15994.0,15929.0,15590.0,15365.0,15103.0,15039.0,15027.0,14848.0,14669.0,14406.0,14341.0,14112.0,13896.0,13965.0,13739.0,13731.0,13641.0
K,18,22470.0,22315.0,22216.0,21745.0,21165.0,21283.0,20953.0,20549.0,20313.0,20189.0,20145.0,19591.0,19380.0,19330.0,19180.0,19065.0,18732.0,18766.0,18500.0,18345.0,18070.0,18176.0,17961.0,17864.0,17663.0,17464.0,17343.0,17202.0,16915.0,16933.0,16738.0,16527.0,16422.0,16305.0,16073.0,15994.0,15929.0,15590.0,15365.0,15103.0,15039.0,15027.0,14848.0,14669.0,14405.0,14341.0,14111.0,13896.0,13964.0,13739.0,13731.0
K,19,22827.0,22470.0,22315.0,22216.0,21745.0,21165.0,21280.0,20953.0,20549.0,20312.0,20189.0,20145.0,19591.0,19380.0,19329.0,19180.0,19064.0,18732.0,18766.0,18500.0,18345.0,18070.0,18176.0,17960.0,17863.0,17662.0,17464.0,17343.0,17202.0,16915.0,16933.0,16737.0,16527.0,16422.0,16304.0,16072.0,15994.0,15929.0,15590.0,15365.0,15102.0,15039.0,15026.0,14848.0,14669.0,14404.0,14341.0,14111.0,13895.0,13964.0,13739.0
K,20,22737.0,22827.0,22470.0,22315.0,22215.0,21744.0,21165.0,21280.0,20953.0,20548.0,20311.0,20188.0,20144.0,19591.0,19380.0,19329.0,19180.0,19062.0,18732.0,18765.0,18500.0,18345.0,18070.0,18176.0,17960.0,17862.0,17662.0,17464.0,17342.0,17202.0,16915.0,16932.0,16737.0,16526.0,16422.0,16302.0,16072.0,15994.0,15929.0,15590.0,15365.0,15102.0,15037.0,15026.0,14848.0,14669.0,14404.0,14341.0,14111.0,13895.0,13964.0
K,21,23359.0,22736.0,22827.0,22469.0,22315.0,22213.0,21744.0,21165.0,21280.0,20953.0,20547.0,20311.0,20188.0,20144.0,19591.0,19380.0,19329.0,19180.0,19062.0,18732.0,18765.0,18499.0,18344.0,18070.0,18176.0,17960.0,17861.0,17662.0,17464.0,17342.0,17202.0,16914.0,16932.0,16737.0,16525.0,16422.0,16302.0,16072.0,15994.0,15928.0,15590.0,15365.0,15101.0,15037.0,15026.0,14848.0,14668.0,14404.0,14341.0,14111.0,13895.0
K,22,23314.0,23357.0,22736.0,22826.0,22468.0,22313.0,22212.0,21744.0,21165.0,21280.0,20950.0,20546.0,20311.0,20186.0,20144.0,19591.0,19380.0,19329.0,19179.0,19062.0,18732.0,18765.0,18499.0,18344.0,18070.0,18176.0,17960.0,17861.0,17662.0,17463.0,17341.0,17202.0,16914.0,16932.0,16736.0,16524.0,16422.0,16302.0,16071.0,15994.0,15928.0,15590.0,15365.0,15101.0,15037.0,15026.0,14848.0,14668.0,14404.0,14341.0,14111.0
K,23,23378.0,23313.0,23357.0,22736.0,22826.0,22468.0,22313.0,22211.0,21743.0,21164.0,21278.0,20950.0,20546.0,20311.0,20186.0,20144.0,19590.0,19379.0,19329.0,19178.0,19062.0,18732.0,18764.0,18498.0,18344.0,18070.0,18176.0,17960.0,17861.0,17662.0,17463.0,17341.0,17201.0,16914.0,16931.0,16734.0,16524.0,16422.0,16301.0,16071.0,15994.0,15927.0,15590.0,15364.0,15101.0,15036.0,15025.0,14848.0,14668.0,14404.0,14340.0
K,24,23626.0,23377.0,23313.0,23356.0,22735.0,22825.0,22467.0,22313.0,22210.0,21743.0,21164.0,21277.0,20949.0,20546.0,20311.0,20186.0,20143.0,19589.0,19378.0,19327.0,19178.0,19062.0,18731.0,18764.0,18498.0,18342.0,18070.0,18175.0,17959.0,17861.0,17662.0,17463.0,17341.0,17200.0,16914.0,16931.0,16734.0,16523.0,16422.0,16300.0,16071.0,15994.0,15927.0,15590.0,15364.0,15101.0,15036.0,15025.0,14848.0,14667.0,14404.0
K,25,23923.0,23626.0,23376.0,23312.0,23354.0,22734.0,22823.0,22467.0,22313.0,22210.0,21742.0,21163.0,21277.0,20947.0,20544.0,20310.0,20186.0,20143.0,19588.0,19376.0,19326.0,19178.0,19062.0,18731.0,18764.0,18497.0,18342.0,18069.0,18175.0,17959.0,17861.0,17662.0,17463.0,17340.0,17200.0,16914.0,16930.0,16733.0,16523.0,16421.0,16299.0,16071.0,15993.0,15926.0,15590.0,15364.0,15101.0,15036.0,15024.0,14848.0,14667.0
K,26,23870.0,23922.0,23623.0,23376.0,23312.0,23353.0,22733.0,22822.0,22467.0,22313.0,22207.0,21737.0,21163.0,21277.0,20946.0,20544.0,20309.0,20186.0,20142.0,19588.0,19376.0,19326.0,19178.0,19061.0,18731.0,18764.0,18497.0,18342.0,18068.0,18175.0,17959.0,17861.0,17662.0,17462.0,17340.0,17200.0,16914.0,16930.0,16733.0,16521.0,16421.0,16299.0,16071.0,15993.0,15926.0,15589.0,15364.0,15101.0,15036.0,15023.0,14848.0
K,27,23997.0,23869.0,23919.0,23622.0,23376.0,23311.0,23352.0,22732.0,22822.0,22467.0,22312.0,22205.0,21735.0,21162.0,21277.0,20946.0,20543.0,20309.0,20186.0,20142.0,19587.0,19374.0,19326.0,19177.0,19059.0,18730.0,18764.0,18495.0,18342.0,18068.0,18174.0,17959.0,17861.0,17662.0,17462.0,17338.0,17200.0,16914.0,16929.0,16733.0,16519.0,16421.0,16299.0,16070.0,15992.0,15924.0,15588.0,15364.0,15101.0,15035.0,15023.0
K,28,24170.0,23996.0,23869.0,23918.0,23622.0,23376.0,23311.0,23350.0,22731.0,22821.0,22464.0,22311.0,22205.0,21734.0,21162.0,21277.0,20946.0,20542.0,20309.0,20186.0,20142.0,19586.0,19374.0,19326.0,19175.0,19059.0,18730.0,18764.0,18494.0,18342.0,18068.0,18174.0,17959.0,17861.0,17662.0,17461.0,17338.0,17200.0,16914.0,16929.0,16733.0,16519.0,16421.0,16299.0,16070.0,15992.0,15924.0,15588.0,15364.0,15101.0,15035.0
K,29,24266.0,24169.0,23995.0,23869.0,23915.0,23621.0,23375.0,23309.0,23350.0,22730.0,22820.0,22463.0,22311.0,22205.0,21733.0,21160.0,21277.0,20946.0,20540.0,20309.0,20185.0,20142.0,19584.0,19374.0,19325.0,19174.0,19057.0,18729.0,18764.0,18494.0,18342.0,18067.0,18173.0,17958.0,17861.0,17662.0,17461.0,17338.0,17200.0,16912.0,16927.0,16732.0,16519.0,16420.0,16299.0,16070.0,15992.0,15924.0,15588.0,15364.0,15101.0
K,30,24579.0,24266.0,24169.0,23995.0,23869.0,23914.0,23620.0,23374.0,23309.0,23350.0,22729.0,22820.0,22463.0,22310.0,22205.0,21733.0,21159.0,21274.0,20946.0,20538.0,20308.0,20185.0,20141.0,19581.0,19374.0,19325.0,19172.0,19053.0,18729.0,18764.0,18493.0,18342.0,18067.0,18173.0,17957.0,17861.0,17662.0,17461.0,17338.0,17200.0,16911.0,16927.0,16730.0,16518.0,16420.0,16299.0,16069.0,15992.0,15924.0,15588.0,15364.0
K,31,24687.0,24578.0,24265.0,24169.0,23994.0,23868.0,23913.0,23620.0,23373.0,23308.0,23350.0,22727.0,22819.0,22462.0,22310.0,22203.0,21732.0,21158.0,21274.0,20946.0,20538.0,20308.0,20185.0,20141.0,19581.0,19373.0,19324.0,19172.0,19052.0,18729.0,18764.0,18493.0,18342.0,18066.0,18173.0,17957.0,17860.0,17662.0,17461.0,17338.0,17200.0,16911.0,16926.0,16730.0,16518.0,16420.0,16299.0,16069.0,15992.0,15924.0,15588.0
K,32,24979.0,24686.0,24578.0,24264.0,24168.0,23994.0,23867.0,23913.0,23620.0,23373.0,23308.0,23349.0,22727.0,22817.0,22462.0,22309.0,22203.0,21730.0,21157.0,21272.0,20946.0,20538.0,20307.0,20184.0,20141.0,19581.0,19372.0,19324.0,19172.0,19050.0,18726.0,18764.0,18492.0,18342.0,18064.0,18172.0,17957.0,17860.0,17661.0,17461.0,17337.0,17200.0,16911.0,16926.0,16727.0,16518.0,16419.0,16298.0,16067.0,15991.0,15924.0
K,33,25359.0,24978.0,24683.0,24578.0,24264.0,24167.0,23994.0,23867.0,23913.0,23620.0,23372.0,23307.0,23348.0,22726.0,22817.0,22462.0,22308.0,22201.0,21730.0,21157.0,21271.0,20946.0,20538.0,20306.0,20184.0,20141.0,19580.0,19372.0,19322.0,19172.0,19050.0,18725.0,18764.0,18492.0,18342.0,18064.0,18172.0,17957.0,17860.0,17661.0,17461.0,17337.0,17199.0,16910.0,16926.0,16726.0,16518.0,16418.0,16297.0,16066.0,15990.0
K,34,25591.0,25358.0,24978.0,24683.0,24576.0,24264.0,24167.0,23993.0,23867.0,23911.0,23620.0,23372.0,23306.0,23348.0,22724.0,22817.0,22462.0,22307.0,22200.0,21730.0,21155.0,21271.0,20946.0,20537.0,20306.0,20182.0,20139.0,19580.0,19372.0,19322.0,19172.0,19049.0,18725.0,18762.0,18491.0,18342.0,18064.0,18172.0,17957.0,17860.0,17661.0,17460.0,17337.0,17199.0,16909.0,16926.0,16726.0,16518.0,16417.0,16295.0,16066.0
K,35,25622.0,25591.0,25358.0,24977.0,24681.0,24573.0,24263.0,24164.0,23992.0,23865.0,23909.0,23620.0,23369.0,23306.0,23348.0,22724.0,22816.0,22461.0,22304.0,22198.0,21729.0,21155.0,21269.0,20945.0,20535.0,20306.0,20182.0,20138.0,19580.0,19372.0,19321.0,19170.0,19048.0,18724.0,18762.0,18491.0,18340.0,18063.0,18171.0,17956.0,17858.0,17661.0,17460.0,17337.0,17199.0,16909.0,16926.0,16726.0,16517.0,16416.0,16295.0
K,36,26087.0,25622.0,25588.0,25357.0,24977.0,24681.0,24573.0,24263.0,24163.0,23990.0,23863.0,23906.0,23617.0,23368.0,23304.0,23346.0,22724.0,22816.0,22459.0,22303.0,22197.0,21729.0,21153.0,21268.0,20945.0,20533.0,20305.0,20182.0,20138.0,19579.0,19372.0,19321.0,19170.0,19047.0,18723.0,18761.0,18491.0,18340.0,18062.0,18171.0,17955.0,17858.0,17660.0,17460.0,17336.0,17199.0,16909.0,16925.0,16724.0,16516.0,16416.0
K,37,26404.0,26085.0,25622.0,25586.0,25355.0,24976.0,24678.0,24573.0,24263.0,24163.0,23989.0,23860.0,23903.0,23617.0,23367.0,23304.0,23345.0,22723.0,22816.0,22459.0,22300.0,22194.0,21725.0,21151.0,21268.0,20944.0,20532.0,20305.0,20180.0,20138.0,19579.0,19372.0,19321.0,19169.0,19046.0,18723.0,18761.0,18490.0,18339.0,18059.0,18171.0,17955.0,17858.0,17659.0,17460.0,17335.0,17197.0,16909.0,16925.0,16722.0,16515.0
K,38,26634.0,26404.0,26084.0,25620.0,25584.0,25353.0,24976.0,24676.0,24572.0,24261.0,24163.0,23989.0,23858.0,23903.0,23617.0,23367.0,23304.0,23342.0,22722.0,22816.0,22458.0,22300.0,22193.0,21725.0,21150.0,21267.0,20944.0,20530.0,20305.0,20180.0,20136.0,19578.0,19372.0,19319.0,19168.0,19046.0,18722.0,18761.0,18490.0,18339.0,18058.0,18171.0,17953.0,17856.0,17656.0,17459.0,17335.0,17197.0,16909.0,16925.0,16722.0
K,39,27020.0,26633.0,26404.0,26084.0,25619.0,25583.0,25351.0,24973.0,24674.0,24572.0,24261.0,24163.0,23988.0,23858.0,23902.0,23616.0,23366.0,23303.0,23342.0,22722.0,22815.0,22457.0,22296.0,22192.0,21724.0,21150.0,21266.0,20942.0,20528.0,20304.0,20180.0,20136.0,19578.0,19371.0,19318.0,19167.0,19045.0,18719.0,18761.0,18490.0,18338.0,18056.0,18171.0,17952.0,17856.0,17655.0,17459.0,17333.0,17197.0,16907.0,16925.0
K,40,25250.0,27017.0,26629.0,26401.0,26083.0,25619.0,25580.0,25347.0,24972.0,24670.0,24570.0,24260.0,24162.0,23987.0,23857.0,23902.0,23615.0,23366.0,23303.0,23339.0,22720.0,22813.0,22457.0,22294.0,22191.0,21723.0,21149.0,21264.0,20941.0,20528.0,20303.0,20179.0,20136.0,19578.0,19369.0,19316.0,19165.0,19044.0,18718.0,18761.0,18490.0,18336.0,18056.0,18171.0,17950.0,17855.0,17653.0,17458.0,17333.0,17195.0,16907.0
K,41,27991.0,25249.0,27016.0,26627.0,26398.0,26079.0,25618.0,25579.0,25345.0,24970.0,24669.0,24570.0,24260.0,24158.0,23985.0,23854.0,23901.0,23612.0,23365.0,23303.0,23338.0,22719.0,22813.0,22457.0,22294.0,22189.0,21721.0,21148.0,21264.0,20939.0,20526.0,20301.0,20178.0,20134.0,19577.0,19367.0,19313.0,19164.0,19043.0,18717.0,18758.0,18490.0,18333.0,18055.0,18170.0,17950.0,17854.0,17650.0,17455.0,17333.0,17190.0
K,42,26779.0,27990.0,25248.0,27013.0,26625.0,26394.0,26077.0,25618.0,25577.0,25343.0,24970.0,24668.0,24570.0,24257.0,24158.0,23982.0,23853.0,23901.0,23612.0,23362.0,23303.0,23338.0,22718.0,22813.0,22457.0,22294.0,22188.0,21720.0,21147.0,21264.0,20939.0,20524.0,20301.0,20177.0,20131.0,19575.0,19366.0,19309.0,19164.0,19043.0,18717.0,18757.0,18490.0,18333.0,18055.0,18170.0,17950.0,17853.0,17649.0,17453.0,17333.0
K,43,27414.0,26777.0,27988.0,25246.0,27010.0,26623.0,26392.0,26074.0,25617.0,25576.0,25341.0,24968.0,24667.0,24568.0,24255.0,24158.0,23980.0,23852.0,23901.0,23610.0,23360.0,23302.0,23338.0,22717.0,22813.0,22454.0,22293.0,22186.0,21720.0,21147.0,21264.0,20937.0,20524.0,20299.0,20176.0,20129.0,19574.0,19365.0,19309.0,19163.0,19043.0,18715.0,18757.0,18488.0,18331.0,18053.0,18168.0,17950.0,17851.0,17649.0,17451.0
K,44,27644.0,27414.0,26777.0,27986.0,25244.0,27006.0,26622.0,26390.0,26073.0,25613.0,25575.0,25340.0,24965.0,24667.0,24566.0,24255.0,24156.0,23977.0,23852.0,23901.0,23609.0,23359.0,23301.0,23337.0,22715.0,22812.0,22453.0,22291.0,22182.0,21719.0,21146.0,21263.0,20937.0,20523.0,20297.0,20176.0,20129.0,19571.0,19365.0,19308.0,19163.0,19043.0,18714.0,18757.0,18486.0,18331.0,18052.0,18167.0,17949.0,17850.0,17647.0
K,45,28485.0,27643.0,27413.0,26772.0,27983.0,25240.0,27006.0,26620.0,26384.0,26072.0,25612.0,25572.0,25337.0,24962.0,24666.0,24565.0,24253.0,24153.0,23977.0,23851.0,23899.0,23609.0,23359.0,23299.0,23333.0,22713.0,22810.0,22450.0,22289.0,22181.0,21717.0,21144.0,21261.0,20936.0,20520.0,20295.0,20176.0,20128.0,19569.0,19365.0,19306.0,19162.0,19042.0,18713.0,18757.0,18482.0,18330.0,18050.0,18167.0,17948.0,17848.0
K,46,29654.0,28480.0,27639.0,27411.0,26771.0,27981.0,25234.0,27004.0,26619.0,26381.0,26071.0,25609.0,25572.0,25336.0,24961.0,24664.0,24562.0,24251.0,24151.0,23975.0,23848.0,23898.0,23609.0,23356.0,23297.0,23332.0,22710.0,22809.0,22450.0,22288.0,22179.0,21715.0,21142.0,21260.0,20934.0,20517.0,20295.0,20173.0,20126.0,19569.0,19364.0,19304.0,19161.0,19036.0,18710.0,18757.0,18480.0,18328.0,18049.0,18166.0,17948.0
K,47,29894.0,29651.0,28477.0,27635.0,27411.0,26770.0,27977.0,25234.0,26999.0,26617.0,26379.0,26069.0,25606.0,25571.0,25336.0,24960.0,24662.0,24556.0,24249.0,24149.0,23974.0,23847.0,23894.0,23602.0,23351.0,23295.0,23330.0,22707.0,22809.0,22450.0,22287.0,22177.0,21712.0,21140.0,21257.0,20932.0,20517.0,20295.0,20171.0,20122.0,19567.0,19363.0,19301.0,19161.0,19035.0,18709.0,18755.0,18479.0,18325.0,18049.0,18166.0
K,48,30147.0,29891.0,29648.0,28476.0,27635.0,27408.0,26767.0,27973.0,25232.0,26997.0,26616.0,26378.0,26065.0,25604.0,25567.0,25333.0,24957.0,24662.0,24554.0,24247.0,24147.0,23972.0,23847.0,23893.0,23601.0,23349.0,23291.0,23327.0,22705.0,22807.0,22448.0,22287.0,22176.0,21710.0,21137.0,21256.0,20931.0,20517.0,20294.0,20168.0,20120.0,19565.0,19362.0,19300.0,19158.0,19035.0,18706.0,18754.0,18479.0,18321.0,18046.0
K,49,30537.0,30146.0,29886.0,29646.0,28474.0,27633.0,27406.0,26765.0,27970.0,25231.0,26994.0,26615.0,26375.0,26063.0,25602.0,25567.0,25330.0,24953.0,24659.0,24552.0,24246.0,24145.0,23966.0,23845.0,23892.0,23598.0,23346.0,23289.0,23323.0,22703.0,22805.0,22447.0,22287.0,22174.0,21709.0,21137.0,21255.0,20931.0,20516.0,20293.0,20166.0,20118.0,19563.0,19361.0,19298.0,19155.0,19034.0,18704.0,18750.0,18476.0,18320.0
K,50,31299.0,30532.0,30144.0,29880.0,29641.0,28473.0,27629.0,27402.0,26764.0,27966.0,25228.0,26987.0,26614.0,26372.0,26059.0,25598.0,25567.0,25321.0,24945.0,24658.0,24549.0,24243.0,24141.0,23966.0,23842.0,23888.0,23595.0,23343.0,23285.0,23319.0,22698.0,22803.0,22446.0,22286.0,22173.0,21708.0,21134.0,21251.0,20928.0,20514.0,20292.0,20165.0,20115.0,19563.0,19359.0,19296.0,19153.0,19031.0,18701.0,18743.0,18475.0
K,51,31414.0,31296.0,30523.0,30140.0,29876.0,29639.0,28468.0,27624.0,27399.0,26760.0,27959.0,25226.0,26986.0,26610.0,26371.0,26055.0,25597.0,25565.0,25317.0,24941.0,24654.0,24547.0,24237.0,24140.0,23962.0,23836.0,23880.0,23593.0,23339.0,23282.0,23317.0,22697.0,22799.0,22442.0,22283.0,22168.0,21708.0,21133.0,21251.0,20927.0,20510.0,20290.0,20163.0,20112.0,19561.0,19359.0,19291.0,19152.0,19030.0,18699.0,18742.0
K,52,32536.0,31411.0,31292.0,30518.0,30131.0,29873.0,29631.0,28465.0,27621.0,27394.0,26757.0,27953.0,25223.0,26984.0,26606.0,26368.0,26049.0,25593.0,25559.0,25314.0,24938.0,24654.0,24542.0,24230.0,24135.0,23957.0,23834.0,23879.0,23592.0,23338.0,23279.0,23314.0,22693.0,22796.0,22438.0,22274.0,22165.0,21705.0,21132.0,21249.0,20922.0,20507.0,20288.0,20160.0,20110.0,19559.0,19355.0,19286.0,19147.0,19026.0,18695.0
K,53,32932.0,32532.0,31407.0,31287.0,30509.0,30125.0,29871.0,29628.0,28462.0,27617.0,27392.0,26753.0,27948.0,25217.0,26980.0,26603.0,26365.0,26045.0,25589.0,25554.0,25306.0,24934.0,24650.0,24539.0,24228.0,24129.0,23953.0,23832.0,23877.0,23591.0,23334.0,23276.0,23308.0,22689.0,22794.0,22437.0,22272.0,22162.0,21703.0,21127.0,21246.0,20920.0,20503.0,20287.0,20157.0,20109.0,19558.0,19354.0,19286.0,19146.0,19024.0
K,54,32469.0,32925.0,32529.0,31402.0,31283.0,30508.0,30118.0,29869.0,29622.0,28458.0,27614.0,27389.0,26749.0,27947.0,25214.0,26978.0,26599.0,26362.0,26040.0,25581.0,25548.0,25304.0,24933.0,24647.0,24536.0,24225.0,24127.0,23952.0,23828.0,23871.0,23587.0,23332.0,23274.0,23303.0,22687.0,22790.0,22432.0,22271.0,22160.0,21699.0,21126.0,21246.0,20916.0,20498.0,20285.0,20154.0,20108.0,19557.0,19351.0,19286.0,19141.0
K,55,31781.0,32458.0,32914.0,32526.0,31397.0,31268.0,30505.0,30106.0,29863.0,29618.0,28450.0,27607.0,27386.0,26741.0,27941.0,25210.0,26975.0,26596.0,26357.0,26029.0,25578.0,25539.0,25300.0,24926.0,24642.0,24531.0,24221.0,24125.0,23949.0,23819.0,23868.0,23583.0,23330.0,23269.0,23300.0,22680.0,22784.0,22425.0,22265.0,22153.0,21698.0,21120.0,21244.0,20909.0,20493.0,20283.0,20150.0,20103.0,19554.0,19349.0,19283.0
K,56,31960.0,31769.0,32451.0,32907.0,32512.0,31385.0,31263.0,30500.0,30099.0,29855.0,29607.0,28445.0,27605.0,27381.0,26738.0,27938.0,25206.0,26967.0,26592.0,26351.0,26028.0,25576.0,25532.0,25296.0,24920.0,24634.0,24527.0,24215.0,24121.0,23944.0,23815.0,23864.0,23574.0,23326.0,23266.0,23297.0,22675.0,22776.0,22422.0,22260.0,22147.0,21692.0,21112.0,21238.0,20904.0,20490.0,20279.0,20148.0,20097.0,19552.0,19346.0
K,57,31360.0,31954.0,31768.0,32440.0,32898.0,32506.0,31377.0,31255.0,30495.0,30093.0,29845.0,29600.0,28443.0,27600.0,27372.0,26733.0,27936.0,25201.0,26964.0,26584.0,26344.0,26024.0,25571.0,25526.0,25289.0,24918.0,24632.0,24522.0,24205.0,24114.0,23939.0,23812.0,23860.0,23572.0,23321.0,23255.0,23294.0,22667.0,22775.0,22415.0,22254.0,22140.0,21687.0,21110.0,21238.0,20899.0,20490.0,20272.0,20139.0,20090.0,19547.0
K,58,31427.0,31352.0,31943.0,31762.0,32432.0,32891.0,32500.0,31367.0,31247.0,30489.0,30087.0,29841.0,29597.0,28440.0,27595.0,27369.0,26728.0,27928.0,25195.0,26961.0,26575.0,26339.0,26022.0,25565.0,25518.0,25285.0,24906.0,24628.0,24512.0,24198.0,24109.0,23933.0,23807.0,23855.0,23567.0,23317.0,23247.0,23285.0,22663.0,22768.0,22409.0,22251.0,22135.0,21685.0,21110.0,21235.0,20894.0,20487.0,20268.0,20135.0,20086.0
K,59,31296.0,31420.0,31350.0,31935.0,31751.0,32418.0,32886.0,32495.0,31359.0,31239.0,30486.0,30082.0,29835.0,29592.0,28429.0,27590.0,27366.0,26720.0,27920.0,25195.0,26955.0,26568.0,26332.0,26021.0,25559.0,25514.0,25283.0,24898.0,24623.0,24507.0,24192.0,24104.0,23928.0,23801.0,23851.0,23563.0,23313.0,23244.0,23278.0,22659.0,22765.0,22403.0,22251.0,22129.0,21682.0,21106.0,21229.0,20891.0,20483.0,20264.0,20132.0
K,60,30959.0,31286.0,31403.0,31341.0,31921.0,31744.0,32403.0,32878.0,32482.0,31345.0,31227.0,30476.0,30064.0,29823.0,29580.0,28415.0,27581.0,27361.0,26709.0,27909.0,25178.0,26950.0,26558.0,26321.0,26009.0,25550.0,25506.0,25274.0,24887.0,24613.0,24503.0,24186.0,24094.0,23923.0,23795.0,23843.0,23550.0,23304.0,23237.0,23266.0,22656.0,22758.0,22397.0,22241.0,22121.0,21670.0,21099.0,21220.0,20886.0,20473.0,20257.0
K,61,31366.0,30948.0,31270.0,31386.0,31333.0,31898.0,31733.0,32395.0,32869.0,32461.0,31337.0,31212.0,30466.0,30048.0,29814.0,29570.0,28403.0,27570.0,27351.0,26703.0,27901.0,25171.0,26940.0,26551.0,26310.0,26003.0,25540.0,25495.0,25264.0,24877.0,24602.0,24495.0,24173.0,24086.0,23910.0,23788.0,23837.0,23542.0,23298.0,23228.0,23258.0,22647.0,22751.0,22387.0,22234.0,22113.0,21664.0,21089.0,21215.0,20878.0,20465.0
K,62,32667.0,31353.0,30940.0,31266.0,31364.0,31320.0,31889.0,31725.0,32378.0,32858.0,32450.0,31319.0,31199.0,30461.0,30035.0,29806.0,29553.0,28391.0,27561.0,27342.0,26696.0,27890.0,25162.0,26931.0,26544.0,26303.0,25998.0,25530.0,25489.0,25256.0,24867.0,24592.0,24487.0,24167.0,24080.0,23902.0,23780.0,23830.0,23534.0,23295.0,23219.0,23253.0,22638.0,22742.0,22381.0,22225.0,22104.0,21655.0,21082.0,21208.0,20874.0
K,63,32857.0,32653.0,31341.0,30923.0,31258.0,31356.0,31308.0,31871.0,31717.0,32369.0,32842.0,32446.0,31307.0,31187.0,30453.0,30026.0,29791.0,29541.0,28382.0,27552.0,27335.0,26683.0,27879.0,25154.0,26917.0,26534.0,26294.0,25989.0,25518.0,25481.0,25254.0,24860.0,24583.0,24486.0,24157.0,24069.0,23892.0,23770.0,23823.0,23527.0,23284.0,23211.0,23244.0,22628.0,22733.0,22379.0,22217.0,22094.0,21646.0,21073.0,21204.0
K,64,33087.0,32850.0,32634.0,31330.0,30911.0,31249.0,31342.0,31301.0,31856.0,31708.0,32360.0,32824.0,32429.0,31295.0,31177.0,30442.0,30015.0,29781.0,29530.0,28372.0,27544.0,27329.0,26676.0,27863.0,25146.0,26905.0,26525.0,26286.0,25982.0,25509.0,25471.0,25243.0,24848.0,24575.0,24482.0,24152.0,24062.0,23886.0,23763.0,23818.0,23520.0,23278.0,23199.0,23239.0,22616.0,22723.0,22370.0,22213.0,22082.0,21636.0,21065.0
K,65,34047.0,33058.0,32829.0,32611.0,31307.0,30900.0,31222.0,31313.0,31283.0,31832.0,31682.0,32343.0,32794.0,32408.0,31274.0,31153.0,30422.0,29996.0,29763.0,29508.0,28356.0,27524.0,27304.0,26660.0,27847.0,25134.0,26888.0,26497.0,26272.0,25962.0,25491.0,25451.0,25227.0,24840.0,24565.0,24460.0,24141.0,24046.0,23866.0,23745.0,23807.0,23508.0,23266.0,23179.0,23222.0,22594.0,22707.0,22354.0,22204.0,22070.0,21625.0
K,66,35372.0,34020.0,33032.0,32805.0,32584.0,31287.0,30873.0,31195.0,31300.0,31258.0,31819.0,31651.0,32322.0,32777.0,32386.0,31249.0,31132.0,30404.0,29978.0,29742.0,29496.0,28343.0,27508.0,27288.0,26641.0,27832.0,25119.0,26876.0,26478.0,26254.0,25951.0,25475.0,25440.0,25212.0,24825.0,24545.0,24450.0,24127.0,24029.0,23852.0,23729.0,23792.0,23487.0,23252.0,23166.0,23207.0,22572.0,22691.0,22346.0,22198.0,22064.0
K,67,35506.0,35353.0,34003.0,33013.0,32777.0,32563.0,31260.0,30855.0,31174.0,31282.0,31237.0,31802.0,31627.0,32304.0,32746.0,32365.0,31237.0,31120.0,30381.0,29960.0,29730.0,29474.0,28323.0,27487.0,27276.0,26621.0,27812.0,25103.0,26864.0,26465.0,26235.0,25932.0,25458.0,25426.0,25199.0,24811.0,24533.0,24426.0,24116.0,24007.0,23836.0,23714.0,23772.0,23469.0,23238.0,23155.0,23186.0,22561.0,22679.0,22338.0,22188.0
K,68,35873.0,35478.0,35338.0,33988.0,32991.0,32751.0,32539.0,31239.0,30837.0,31154.0,31259.0,31210.0,31783.0,31605.0,32281.0,32723.0,32344.0,31226.0,31103.0,30362.0,29939.0,29701.0,29453.0,28306.0,27461.0,27256.0,26600.0,27794.0,25090.0,26850.0,26445.0,26222.0,25912.0,25441.0,25405.0,25173.0,24794.0,24512.0,24412.0,24098.0,23994.0,23821.0,23706.0,23756.0,23452.0,23226.0,23143.0,23172.0,22546.0,22667.0,22326.0
K,69,36443.0,35847.0,35453.0,35312.0,33966.0,32966.0,32738.0,32513.0,31208.0,30808.0,31127.0,31239.0,31192.0,31764.0,31587.0,32262.0,32702.0,32329.0,31210.0,31084.0,30346.0,29920.0,29681.0,29428.0,28293.0,27448.0,27236.0,26583.0,27777.0,25076.0,26834.0,26432.0,26209.0,25902.0,25426.0,25388.0,25158.0,24777.0,24500.0,24402.0,24089.0,23974.0,23814.0,23688.0,23744.0,23432.0,23217.0,23122.0,23157.0,22534.0,22648.0
K,70,37007.0,36390.0,35805.0,35410.0,35274.0,33940.0,32920.0,32692.0,32474.0,31179.0,30773.0,31098.0,31209.0,31159.0,31718.0,31558.0,32228.0,32669.0,32298.0,31186.0,31059.0,30315.0,29894.0,29658.0,29400.0,28264.0,27431.0,27208.0,26556.0,27754.0,25051.0,26805.0,26403.0,26187.0,25873.0,25398.0,25367.0,25131.0,24765.0,24474.0,24380.0,24071.0,23944.0,23785.0,23659.0,23717.0,23408.0,23193.0,23103.0,23138.0,22515.0
K,71,37809.0,36961.0,36337.0,35753.0,35373.0,35224.0,33893.0,32874.0,32662.0,32431.0,31142.0,30750.0,31057.0,31169.0,31118.0,31690.0,31525.0,32202.0,32638.0,32269.0,31157.0,31033.0,30287.0,29866.0,29636.0,29376.0,28226.0,27409.0,27174.0,26528.0,27719.0,25026.0,26770.0,26373.0,26161.0,25854.0,25361.0,25339.0,25102.0,24740.0,24448.0,24357.0,24047.0,23920.0,23767.0,23640.0,23690.0,23392.0,23163.0,23083.0,23115.0
K,72,38478.0,37771.0,36913.0,36297.0,35705.0,35336.0,35185.0,33848.0,32835.0,32626.0,32396.0,31110.0,30724.0,31019.0,31137.0,31100.0,31656.0,31490.0,32172.0,32604.0,32237.0,31124.0,31009.0,30254.0,29842.0,29603.0,29340.0,28203.0,27375.0,27150.0,26502.0,27696.0,25012.0,26745.0,26348.0,26143.0,25825.0,25335.0,25313.0,25083.0,24716.0,24422.0,24335.0,24016.0,23894.0,23744.0,23625.0,23668.0,23370.0,23146.0,23060.0
K,73,37934.0,38426.0,37713.0,36876.0,36248.0,35663.0,35294.0,35143.0,33808.0,32799.0,32589.0,32368.0,31080.0,30701.0,30991.0,31107.0,31067.0,31619.0,31462.0,32145.0,32567.0,32198.0,31095.0,30974.0,30220.0,29812.0,29562.0,29304.0,28171.0,27355.0,27126.0,26480.0,27666.0,24991.0,26712.0,26326.0,26123.0,25800.0,25311.0,25286.0,25064.0,24693.0,24393.0,24317.0,23997.0,23864.0,23708.0,23599.0,23645.0,23347.0,23127.0
K,74,37533.0,37883.0,38384.0,37664.0,36833.0,36213.0,35618.0,35259.0,35109.0,33765.0,32771.0,32555.0,32329.0,31054.0,30668.0,30955.0,31070.0,31042.0,31598.0,31433.0,32111.0,32541.0,32165.0,31066.0,30940.0,30193.0,29783.0,29538.0,29272.0,28145.0,27335.0,27097.0,26457.0,27645.0,24969.0,26681.0,26295.0,26109.0,25769.0,25282.0,25263.0,25039.0,24672.0,24374.0,24297.0,23968.0,23836.0,23675.0,23573.0,23618.0,23334.0
K,75,36132.0,37443.0,37784.0,38300.0,37575.0,36753.0,36128.0,35538.0,35188.0,35035.0,33697.0,32707.0,32489.0,32254.0,31009.0,30609.0,30888.0,31005.0,30985.0,31538.0,31385.0,32046.0,32478.0,32113.0,31029.0,30885.0,30136.0,29722.0,29490.0,29218.0,28094.0,27291.0,27036.0,26412.0,27591.0,24932.0,26641.0,26237.0,26064.0,25709.0,25242.0,25220.0,24995.0,24623.0,24326.0,24240.0,23923.0,23790.0,23630.0,23533.0,23581.0
K,76,35404.0,36063.0,37343.0,37682.0,38219.0,37494.0,36693.0,36056.0,35468.0,35114.0,34980.0,33639.0,32643.0,32428.0,32190.0,30950.0,30556.0,30843.0,30957.0,30908.0,31495.0,31316.0,31989.0,32421.0,32045.0,30962.0,30826.0,30086.0,29672.0,29444.0,29159.0,28037.0,27240.0,26995.0,26379.0,27551.0,24895.0,26592.0,26187.0,26014.0,25666.0,25201.0,25184.0,24958.0,24579.0,24291.0,24200.0,23875.0,23748.0,23580.0,23489.0
K,77,34684.0,35328.0,35992.0,37270.0,37602.0,38122.0,37416.0,36629.0,35984.0,35404.0,35037.0,34922.0,33591.0,32583.0,32368.0,32136.0,30889.0,30507.0,30797.0,30898.0,30865.0,31440.0,31269.0,31934.0,32365.0,31990.0,30919.0,30773.0,30023.0,29624.0,29404.0,29111.0,27987.0,27197.0,26942.0,26334.0,27500.0,24855.0,26546.0,26142.0,25964.0,25625.0,25159.0,25127.0,24914.0,24536.0,24252.0,24149.0,23835.0,23704.0,23541.0
K,78,34232.0,34599.0,35257.0,35912.0,37188.0,37519.0,38045.0,37352.0,36559.0,35914.0,35328.0,34968.0,34879.0,33521.0,32531.0,32302.0,32074.0,30816.0,30447.0,30746.0,30834.0,30810.0,31385.0,31216.0,31887.0,32314.0,31935.0,30860.0,30709.0,29964.0,29573.0,29347.0,29060.0,27941.0,27145.0,26883.0,26279.0,27449.0,24810.0,26500.0,26087.0,25924.0,25581.0,25112.0,25080.0,24877.0,24498.0,24212.0,24099.0,23787.0,23674.0
K,79,33409.0,34163.0,34511.0,35185.0,35840.0,37105.0,37425.0,37977.0,37273.0,36490.0,35834.0,35246.0,34914.0,34811.0,33455.0,32472.0,32255.0,32016.0,30748.0,30389.0,30676.0,30780.0,30750.0,31337.0,31170.0,31821.0,32253.0,31874.0,30805.0,30667.0,29911.0,29530.0,29296.0,29011.0,27895.0,27101.0,26840.0,26239.0,27385.0,24775.0,26456.0,26041.0,25885.0,25525.0,25082.0,25027.0,24836.0,24454.0,24176.0,24053.0,23735.0
K,80,33418.0,33273.0,34032.0,34395.0,35041.0,35707.0,36979.0,37282.0,37839.0,37150.0,36365.0,35710.0,35135.0,34799.0,34703.0,33357.0,32366.0,32162.0,31909.0,30655.0,30280.0,30591.0,30662.0,30640.0,31237.0,31081.0,31716.0,32156.0,31770.0,30706.0,30588.0,29816.0,29459.0,29194.0,28929.0,27806.0,27020.0,26768.0,26129.0,27293.0,24698.0,26364.0,25957.0,25819.0,25428.0,25007.0,24941.0,24760.0,24385.0,24104.0,23983.0
K,81,32595.0,33285.0,33142.0,33907.0,34271.0,34909.0,35576.0,36820.0,37163.0,37715.0,37001.0,36232.0,35582.0,35027.0,34693.0,34580.0,33259.0,32262.0,32055.0,31805.0,30567.0,30166.0,30511.0,30558.0,30554.0,31146.0,30981.0,31630.0,32064.0,31659.0,30609.0,30505.0,29706.0,29385.0,29100.0,28820.0,27717.0,26923.0,26658.0,26055.0,27215.0,24621.0,26292.0,25871.0,25743.0,25380.0,24918.0,24865.0,24678.0,24297.0,24028.0
K,82,32475.0,32468.0,33185.0,33012.0,33779.0,34137.0,34792.0,35446.0,36676.0,37032.0,37573.0,36864.0,36117.0,35465.0,34917.0,34563.0,34465.0,33148.0,32176.0,31943.0,31694.0,30475.0,30069.0,30397.0,30474.0,30471.0,31052.0,30891.0,31527.0,31965.0,31546.0,30511.0,30403.0,29591.0,29305.0,29017.0,28736.0,27636.0,26844.0,26565.0,25963.0,27126.0,24544.0,26212.0,25797.0,25658.0,25302.0,24852.0,24797.0,24590.0,24217.0
K,83,31691.0,32347.0,32341.0,33063.0,32885.0,33648.0,33998.0,34656.0,35330.0,36545.0,36907.0,37437.0,36746.0,36003.0,35345.0,34806.0,34459.0,34350.0,33020.0,32060.0,31847.0,31609.0,30403.0,29979.0,30300.0,30372.0,30370.0,30960.0,30807.0,31426.0,31870.0,31433.0,30414.0,30286.0,29491.0,29194.0,28944.0,28656.0,27561.0,26751.0,26477.0,25887.0,27037.0,24473.0,26143.0,25716.0,25567.0,25232.0,24780.0,24706.0,24520.0
K,84,31022.0,31563.0,32216.0,32204.0,32945.0,32772.0,33506.0,33882.0,34534.0,35183.0,36414.0,36786.0,37313.0,36617.0,35880.0,35230.0,34697.0,34356.0,34227.0,32924.0,31965.0,31752.0,31495.0,30296.0,29885.0,30196.0,30265.0,30249.0,30860.0,30713.0,31330.0,31778.0,31338.0,30313.0,30186.0,29391.0,29094.0,28865.0,28576.0,27470.0,26681.0,26398.0,25805.0,26939.0,24384.0,26078.0,25650.0,25471.0,25150.0,24688.0,24638.0
K,85,29995.0,30770.0,31320.0,31982.0,31968.0,32716.0,32536.0,33288.0,33638.0,34294.0,34917.0,36190.0,36538.0,37036.0,36368.0,35630.0,34978.0,34471.0,34124.0,33997.0,32729.0,31739.0,31516.0,31304.0,30069.0,29685.0,30017.0,30064.0,30063.0,30678.0,30507.0,31143.0,31570.0,31157.0,30136.0,29965.0,29201.0,28886.0,28678.0,28394.0,27300.0,26512.0,26209.0,25665.0,26767.0,24228.0,25897.0,25507.0,25304.0,24998.0,24541.0
K,86,30026.0,29786.0,30549.0,31079.0,31767.0,31737.0,32477.0,32326.0,33025.0,33422.0,34063.0,34689.0,35944.0,36273.0,36773.0,36144.0,35379.0,34762.0,34257.0,33912.0,33797.0,32495.0,31523.0,31341.0,31139.0,29865.0,29497.0,29824.0,29883.0,29874.0,30474.0,30321.0,30949.0,31359.0,30970.0,29954.0,29784.0,29014.0,28709.0,28495.0,28213.0,27127.0,26317.0,26052.0,25530.0,26613.0,24075.0,25729.0,25347.0,25156.0,24838.0
K,87,30651.0,29789.0,29569.0,30321.0,30839.0,31511.0,31512.0,32228.0,32103.0,32765.0,33169.0,33863.0,34458.0,35705.0,36009.0,36520.0,35904.0,35143.0,34538.0,34040.0,33708.0,33594.0,32291.0,31319.0,31147.0,30940.0,29690.0,29301.0,29640.0,29688.0,29690.0,30287.0,30132.0,30748.0,31171.0,30769.0,29757.0,29602.0,28875.0,28534.0,28311.0,28053.0,26985.0,26130.0,25883.0,25393.0,26467.0,23949.0,25579.0,25195.0,24985.0
K,88,31433.0,30401.0,29536.0,29350.0,30085.0,30593.0,31287.0,31265.0,31993.0,31862.0,32553.0,32946.0,33648.0,34240.0,35457.0,35763.0,36293.0,35680.0,34904.0,34350.0,33837.0,33485.0,33394.0,32091.0,31128.0,30949.0,30765.0,29494.0,29120.0,29444.0,29505.0,29511.0,30117.0,29949.0,30561.0,30962.0,30583.0,29605.0,29441.0,28702.0,28370.0,28144.0,27890.0,26840.0,25954.0,25722.0,25238.0,26283.0,23790.0,25424.0,25016.0
K,89,30569.0,31204.0,30184.0,29312.0,29124.0,29860.0,30360.0,31064.0,31043.0,31750.0,31661.0,32330.0,32715.0,33434.0,34030.0,35219.0,35518.0,36044.0,35452.0,34687.0,34135.0,33619.0,33265.0,33181.0,31885.0,30923.0,30770.0,30588.0,29320.0,28945.0,29263.0,29308.0,29336.0,29899.0,29780.0,30401.0,30784.0,30411.0,29423.0,29267.0,28507.0,28218.0,27974.0,27699.0,26652.0,25794.0,25569.0,25082.0,26114.0,23646.0,25266.0
K,90,31056.0,30073.0,30654.0,29671.0,28842.0,28626.0,29339.0,29823.0,30526.0,30504.0,31228.0,31121.0,31845.0,32231.0,32916.0,33516.0,34697.0,34998.0,35503.0,34901.0,34181.0,33657.0,33154.0,32775.0,32693.0,31408.0,30480.0,30348.0,30187.0,28898.0,28522.0,28840.0,28880.0,28913.0,29451.0,29361.0,29976.0,30349.0,30011.0,29034.0,28868.0,28129.0,27830.0,27585.0,27305.0,26269.0,25482.0,25207.0,24741.0,25757.0,23319.0
K,91,22910.0,22989.0,22255.0,22732.0,21932.0,21345.0,21108.0,21664.0,22086.0,22620.0,22602.0,23083.0,23089.0,23583.0,23862.0,24337.0,24784.0,25612.0,25798.0,26185.0,25780.0,25241.0,24877.0,24551.0,24250.0,24176.0,23240.0,22548.0,22457.0,22362.0,21364.0,21166.0,21378.0,21377.0,21416.0,21847.0,21743.0,22245.0,22500.0,22331.0,21509.0,21391.0,20848.0,20584.0,20381.0,20211.0,19318.0,18770.0,18517.0,18232.0,18960.0
K,92,16635.0,16855.0,16934.0,16328.0,16714.0,16176.0,15725.0,15553.0,15923.0,16270.0,16737.0,16615.0,16967.0,16970.0,17426.0,17652.0,17927.0,18191.0,18883.0,19047.0,19317.0,19033.0,18603.0,18406.0,18121.0,17910.0,17806.0,17170.0,16715.0,16655.0,16580.0,15781.0,15674.0,15793.0,15770.0,15775.0,16137.0,16077.0,16368.0,16664.0,16449.0,15883.0,15840.0,15426.0,15114.0,15071.0,14870.0,14302.0,13839.0,13649.0,13520.0
K,93,12402.0,12242.0,12503.0,12504.0,12059.0,12368.0,11946.0,11631.0,11545.0,11781.0,12052.0,12327.0,12314.0,12572.0,12540.0,12914.0,13039.0,13248.0,13543.0,13973.0,14158.0,14362.0,14153.0,13818.0,13637.0,13529.0,13355.0,13199.0,12719.0,12436.0,12385.0,12387.0,11680.0,11556.0,11605.0,11789.0,11694.0,11974.0,11947.0,12160.0,12425.0,12159.0,11786.0,11739.0,11382.0,11147.0,11179.0,11017.0,10606.0,10286.0,10054.0
K,94,8894.0,9131.0,8973.0,9256.0,9213.0,8902.0,9147.0,8792.0,8613.0,8539.0,8692.0,8847.0,9085.0,9076.0,9222.0,9197.0,9514.0,9704.0,9744.0,9990.0,10269.0,10452.0,10572.0,10402.0,10110.0,10015.0,9880.0,9843.0,9743.0,9386.0,9160.0,9088.0,9155.0,8653.0,8548.0,8500.0,8740.0,8650.0,8837.0,8845.0,9012.0,9226.0,8989.0,8747.0,8712.0,8406.0,8235.0,8283.0,8130.0,7827.0,7496.0
K,95,6268.0,6341.0,6589.0,6416.0,6663.0,6624.0,6335.0,6568.0,6212.0,6164.0,6154.0,6335.0,6349.0,6559.0,6522.0,6640.0,6636.0,6795.0,6970.0,7059.0,7262.0,7385.0,7611.0,7665.0,7548.0,7360.0,7204.0,7177.0,7141.0,7032.0,6829.0,6712.0,6611.0,6656.0,6224.0,6205.0,6095.0,6305.0,6268.0,6425.0,6406.0,6494.0,6638.0,6459.0,6301.0,6279.0,6058.0,5936.0,5943.0,5884.0,5687.0
K,96,4487.0,4492.0,4579.0,4724.0,4619.0,4863.0,4784.0,4589.0,4725.0,4503.0,4402.0,4438.0,4502.0,4566.0,4744.0,4738.0,4768.0,4797.0,4914.0,5086.0,5069.0,5224.0,5378.0,5546.0,5589.0,5461.0,5351.0,5240.0,5173.0,5136.0,5082.0,4976.0,4843.0,4737.0,4799.0,4507.0,4509.0,4396.0,4540.0,4547.0,4626.0,4676.0,4680.0,4779.0,4667.0,4565.0,4534.0,4367.0,4266.0,4279.0,4251.0
K,97,3250.0,3250.0,3265.0,3341.0,3429.0,3313.0,3485.0,3395.0,3313.0,3418.0,3261.0,3193.0,3232.0,3234.0,3304.0,3409.0,3450.0,3434.0,3474.0,3600.0,3700.0,3670.0,3803.0,3924.0,4053.0,4048.0,3964.0,3870.0,3788.0,3749.0,3721.0,3647.0,3613.0,3458.0,3411.0,3479.0,3184.0,3278.0,3158.0,3305.0,3324.0,3301.0,3348.0,3351.0,3450.0,3397.0,3266.0,3305.0,3145.0,3071.0,3121.0
K,98,2314.0,2394.0,2351.0,2336.0,2389.0,2479.0,2398.0,2564.0,2439.0,2390.0,2458.0,2362.0,2314.0,2343.0,2327.0,2406.0,2476.0,2478.0,2507.0,2493.0,2647.0,2672.0,2680.0,2751.0,2891.0,2965.0,2915.0,2875.0,2792.0,2740.0,2717.0,2691.0,2633.0,2638.0,2496.0,2497.0,2570.0,2327.0,2352.0,2303.0,2399.0,2420.0,2420.0,2446.0,2440.0,2490.0,2509.0,2376.0,2420.0,2252.0,2262.0
K,99,1590.0,1676.0,1671.0,1673.0,1676.0,1705.0,1786.0,1721.0,1863.0,1738.0,1730.0,1756.0,1712.0,1649.0,1679.0,1655.0,1747.0,1792.0,1837.0,1844.0,1805.0,1913.0,1900.0,1941.0,1963.0,2122.0,2165.0,2138.0,2089.0,2043.0,1991.0,1981.0,2007.0,1917.0,1930.0,1805.0,1783.0,1858.0,1727.0,1724.0,1691.0,1731.0,1740.0,1751.0,1768.0,1740.0,1838.0,1838.0,1771.0,1757.0,1612.0
K,100,1135.0,1107.0,1167.0,1183.0,1192.0,1200.0,1163.0,1242.0,1205.0,1301.0,1218.0,1207.0,1212.0,1189.0,1171.0,1211.0,1181.0,1250.0,1272.0,1290.0,1307.0,1287.0,1351.0,1327.0,1365.0,1396.0,1466.0,1507.0,1512.0,1475.0,1446.0,1417.0,1409.0,1446.0,1366.0,1389.0,1277.0,1259.0,1323.0,1197.0,1233.0,1230.0,1243.0,1221.0,1273.0,1253.0,1227.0,1310.0,1277.0,1269.0,1217.0
K,101,378.0,376.0,370.0,391.0,420.0,400.0,427.0,409.0,440.0,435.0,453.0,423.0,426.0,427.0,424.0,415.0,425.0,410.0,450.0,452.0,464.0,464.0,470.0,478.0,478.0,494.0,478.0,527.0,512.0,505.0,522.0,513.0,504.0,498.0,530.0,478.0,505.0,444.0,438.0,467.0,420.0,436.0,423.0,440.0,435.0,445.0,451.0,435.0,468.0,473.0,461.0
K,102,145.0,139.0,136.0,132.0,152.0,151.0,149.0,162.0,156.0,166.0,159.0,162.0,157.0,159.0,140.0,155.0,154.0,152.0,147.0,169.0,171.0,164.0,180.0,191.0,177.0,191.0,200.0,178.0,201.0,200.0,196.0,200.0,198.0,182.0,187.0,193.0,179.0,194.0,169.0,166.0,161.0,155.0,159.0,168.0,161.0,157.0,152.0,169.0,163.0,173.0,171.0
K,103,54.0,57.0,57.0,58.0,56.0,60.0,55.0,56.0,56.0,58.0,65.0,59.0,62.0,57.0,65.0,54.0,55.0,62.0,56.0,54.0,64.0,68.0,59.0,62.0,69.0,61.0,76.0,73.0,58.0,76.0,77.0,70.0,65.0,72.0,59.0,63.0,66.0,69.0,69.0,65.0,55.0,62.0,64.0,60.0,66.0,57.0,57.0,57.0,72.0,61.0,60.0
K,104,15.0,19.0,19.0,20.0,21.0,20.0,23.0,23.0,19.0,19.0,21.0,26.0,24.0,21.0,21.0,25.0,19.0,20.0,26.0,21.0,25.0,31.0,26.0,20.0,25.0,27.0,27.0,27.0,35.0,27.0,27.0,37.0,30.0,24.0,30.0,21.0,29.0,23.0,25.0,23.0,26.0,25.0,30.0,27.0,25.0,28.0,20.0,25.0,20.0,23.0,25.0
K,105,7.0,3.0,6.0,5.0,9.0,7.0,8.0,7.0,9.0,7.0,8.0,7.0,10.0,8.0,7.0,6.0,10.0,9.0,6.0,8.0,9.0,13.0,16.0,11.0,8.0,10.0,12.0,8.0,12.0,13.0,12.0,10.0,10.0,10.0,10.0,12.0,10.0,13.0,10.0,9.0,10.0,7.0,6.0,11.0,9.0,9.0,10.0,6.0,6.0,9.0,9.0
K,106,5.0,2.0,1.0,1.0,,,1.0,3.0,2.0,2.0,1.0,1.0,,1.0,1.0,,,1.0,1.0,,1.0,3.0,2.0,3.0,3.0,3.0,1.0,3.0,2.0,3.0,5.0,3.0,5.0,4.0,2.0,3.0,5.0,2.0,3.0,1.0,1.0,2.0,2.0,2.0,1.0,,,,,1.0,2.0
K,107,,,,,,,,,,,,,,,,,,,,,,,1.0,,,,1.0,1.0,1.0,,1.0,1.0,1.0,3.0,,,,1.0,,,,,,,,,,,,,
K,108,,,,,,,,,,,,,,,,,,,,,,,,,,,,,,,,,,1.0,1.0,,,,,,,,,,,,,,,,
K,109,,,,,,,,,,,,,,,,,,,,,,,,,,,,,,,,,,,,,,,,,,,,,,,,,,,
M,0,18426.0,18301.0,18231.0,18013.0,17876.0,17631.0,17659.0,17539.0,17423.0,17313.0,17257.0,17035.0,16917.0,16671.0,16572.0,16275.0,16086.0,15889.0,15593.0,15638.0,15467.0,15275.0,15024.0,14768.0,14633.0,14522.0,14515.0,14247.0,14142.0,14106.0,13903.0,13802.0,13625.0,13516.0,13302.0,13391.0,13231.0,12925.0,13029.0,12969.0,12810.0,12843.0,12526.0,12378.0,12358.0,12214.0,12079.0,12025.0,11873.0,11768.0,11472.0
M,1,18518.0,18425.0,18300.0,18231.0,18013.0,17876.0,17631.0,17658.0,17539.0,17423.0,17313.0,17255.0,17035.0,16917.0,16670.0,16570.0,16274.0,16085.0,15889.0,15593.0,15638.0,15467.0,15275.0,15024.0,14768.0,14632.0,14521.0,14515.0,14246.0,14142.0,14105.0,13902.0,13802.0,13624.0,13516.0,13302.0,13391.0,13231.0,12925.0,13029.0,12969.0,12810.0,12843.0,12526.0,12377.0,12357.0,12214.0,12079.0,12025.0,11873.0,11766.0
M,2,18955.0,18518.0,18425.0,18300.0,18231.0,18013.0,17875.0,17629.0,17656.0,17538.0,17423.0,17312.0,17254.0,17034.0,16916.0,16670.0,16569.0,16273.0,16085.0,15889.0,15592.0,15638.0,15467.0,15274.0,15022.0,14768.0,14631.0,14520.0,14515.0,14246.0,14142.0,14104.0,13902.0,13802.0,13624.0,13516.0,13302.0,13391.0,13231.0,12924.0,13029.0,12969.0,12807.0,12843.0,12524.0,12377.0,12357.0,12213.0,12079.0,12025.0,11873.0
M,3,18800.0,18955.0,18516.0,18424.0,18298.0,18229.0,18012.0,17875.0,17629.0,17655.0,17537.0,17422.0,17311.0,17254.0,17034.0,16914.0,16670.0,16568.0,16273.0,16084.0,15889.0,15591.0,15637.0,15466.0,15273.0,15022.0,14768.0,14631.0,14520.0,14513.0,14245.0,14142.0,14104.0,13902.0,13802.0,13624.0,13514.0,13302.0,13391.0,13230.0,12924.0,13029.0,12969.0,12807.0,12843.0,12523.0,12377.0,12356.0,12213.0,12079.0,12024.0
M,4,19156.0,18799.0,18954.0,18515.0,18422.0,18298.0,18227.0,18011.0,17875.0,17629.0,17653.0,17537.0,17422.0,17311.0,17254.0,17034.0,16913.0,16670.0,16568.0,16272.0,16084.0,15889.0,15591.0,15636.0,15466.0,15273.0,15022.0,14766.0,14630.0,14520.0,14512.0,14244.0,14142.0,14104.0,13901.0,13802.0,13624.0,13514.0,13302.0,13389.0,13230.0,12924.0,13029.0,12969.0,12807.0,12843.0,12523.0,12377.0,12356.0,12212.0,12079.0
M,5,19238.0,19156.0,18799.0,18954.0,18515.0,18422.0,18298.0,18227.0,18011.0,17875.0,17629.0,17653.0,17537.0,17422.0,17311.0,17254.0,17034.0,16913.0,16670.0,16568.0,16272.0,16084.0,15889.0,15591.0,15636.0,15466.0,15273.0,15022.0,14766.0,14629.0,14520.0,14512.0,14244.0,14142.0,14104.0,13901.0,13801.0,13624.0,13514.0,13302.0,13389.0,13230.0,12924.0,13029.0,12969.0,12807.0,12843.0,12523.0,12377.0,12356.0,12212.0
M,6,19683.0,19238.0,19156.0,18799.0,18954.0,18515.0,18422.0,18298.0,18227.0,18011.0,17875.0,17629.0,17653.0,17537.0,17422.0,17311.0,17254.0,17034.0,16913.0,16670.0,16568.0,16272.0,16084.0,15889.0,15591.0,15636.0,15466.0,15273.0,15022.0,14766.0,14629.0,14519.0,14512.0,14244.0,14142.0,14104.0,13901.0,13801.0,13624.0,13514.0,13302.0,13389.0,13230.0,12923.0,13029.0,12969.0,12807.0,12843.0,12523.0,12377.0,12356.0
M,7,19783.0,19683.0,19238.0,19156.0,18799.0,18954.0,18515.0,18422.0,18298.0,18227.0,18011.0,17874.0,17629.0,17653.0,17537.0,17422.0,17311.0,17254.0,17034.0,16913.0,16670.0,16568.0,16272.0,16084.0,15889.0,15591.0,15636.0,15466.0,15273.0,15022.0,14766.0,14629.0,14519.0,14512.0,14244.0,14142.0,14104.0,13901.0,13800.0,13624.0,13514.0,13302.0,13389.0,13230.0,12923.0,13029.0,12969.0,12807.0,12843.0,12523.0,12377.0
M,8,19735.0,19783.0,19683.0,19237.0,19156.0,18799.0,18954.0,18515.0,18422.0,18298.0,18226.0,18010.0,17874.0,17629.0,17653.0,17537.0,17422.0,17311.0,17254.0,17034.0,16913.0,16670.0,16568.0,16272.0,16084.0,15889.0,15591.0,15636.0,15466.0,15273.0,15022.0,14766.0,14629.0,14519.0,14512.0,14244.0,14142.0,14104.0,13901.0,13800.0,13624.0,13514.0,13302.0,13389.0,13230.0,12923.0,13029.0,12968.0,12806.0,12843.0,12523.0
M,9,19964.0,19735.0,19783.0,19683.0,19237.0,19155.0,18799.0,18954.0,18515.0,18422.0,18298.0,18226.0,18009.0,17874.0,17629.0,17653.0,17537.0,17421.0,17311.0,17254.0,17034.0,16913.0,16670.0,16568.0,16272.0,16084.0,15889.0,15591.0,15636.0,15466.0,15272.0,15022.0,14766.0,14629.0,14519.0,14512.0,14244.0,14142.0,14104.0,13901.0,13800.0,13624.0,13514.0,13302.0,13389.0,13230.0,12923.0,13029.0,12968.0,12806.0,12843.0
M,10,20478.0,19964.0,19735.0,19783.0,19683.0,19237.0,19155.0,18799.0,18954.0,18514.0,18421.0,18298.0,18226.0,18009.0,17874.0,17629.0,17653.0,17537.0,17420.0,17311.0,17254.0,17034.0,16913.0,16670.0,16568.0,16272.0,16084.0,15889.0,15590.0,15636.0,15466.0,15272.0,15022.0,14766.0,14629.0,14519.0,14512.0,14244.0,14141.0,14104.0,13901.0,13800.0,13624.0,13514.0,13302.0,13389.0,13230.0,12923.0,13029.0,12967.0,12806.0
M,11,20654.0,20478.0,19964.0,19735.0,19783.0,19683.0,19237.0,19155.0,18799.0,18954.0,18514.0,18421.0,18298.0,18226.0,18009.0,17874.0,17629.0,17653.0,17537.0,17420.0,17311.0,17254.0,17034.0,16913.0,16670.0,16568.0,16272.0,16084.0,15889.0,15590.0,15636.0,15466.0,15272.0,15022.0,14765.0,14629.0,14519.0,14512.0,14244.0,14140.0,14104.0,13901.0,13800.0,13624.0,13514.0,13302.0,13388.0,13230.0,12923.0,13029.0,12967.0
M,12,20806.0,20654.0,20478.0,19964.0,19735.0,19783.0,19683.0,19237.0,19155.0,18799.0,18954.0,18514.0,18421.0,18298.0,18225.0,18009.0,17874.0,17629.0,17653.0,17537.0,17420.0,17311.0,17254.0,17034.0,16913.0,16670.0,16568.0,16272.0,16084.0,15889.0,15590.0,15636.0,15466.0,15272.0,15022.0,14765.0,14629.0,14519.0,14512.0,14244.0,14139.0,14104.0,13900.0,13800.0,13624.0,13514.0,13302.0,13388.0,13230.0,12923.0,13029.0
M,13,20990.0,20806.0,20654.0,20478.0,19964.0,19735.0,19783.0,19683.0,19237.0,19155.0,18799.0,18954.0,18514.0,18421.0,18298.0,18225.0,18009.0,17874.0,17629.0,17653.0,17537.0,17420.0,17311.0,17253.0,17034.0,16913.0,16670.0,16568.0,16272.0,16084.0,15889.0,15589.0,15636.0,15466.0,15272.0,15022.0,14765.0,14629.0,14519.0,14512.0,14244.0,14139.0,14104.0,13900.0,13800.0,13624.0,13514.0,13302.0,13388.0,13230.0,12923.0
M,14,21612.0,20990.0,20806.0,20654.0,20478.0,19964.0,19735.0,19783.0,19683.0,19237.0,19155.0,18799.0,18953.0,18514.0,18421.0,18298.0,18225.0,18009.0,17874.0,17629.0,17653.0,17537.0,17420.0,17311.0,17253.0,17034.0,16913.0,16670.0,16568.0,16271.0,16084.0,15889.0,15588.0,15636.0,15466.0,15272.0,15022.0,14765.0,14629.0,14519.0,14512.0,14244.0,14139.0,14104.0,13900.0,13800.0,13624.0,13514.0,13302.0,13388.0,13230.0
M,15,21737.0,21612.0,20989.0,20804.0,20654.0,20478.0,19964.0,19735.0,19783.0,19683.0,19236.0,19153.0,18799.0,18953.0,18514.0,18421.0,18298.0,18223.0,18009.0,17874.0,17629.0,17653.0,17537.0,17420.0,17311.0,17253.0,17033.0,16913.0,16669.0,16568.0,16271.0,16083.0,15887.0,15587.0,15636.0,15465.0,15271.0,15020.0,14765.0,14629.0,14519.0,14511.0,14244.0,14139.0,14104.0,13900.0,13799.0,13623.0,13514.0,13302.0,13387.0
M,16,21832.0,21736.0,21612.0,20989.0,20804.0,20654.0,20477.0,19964.0,19734.0,19783.0,19683.0,19236.0,19153.0,18798.0,18953.0,18514.0,18421.0,18298.0,18223.0,18009.0,17873.0,17628.0,17653.0,17536.0,17420.0,17311.0,17253.0,17033.0,16912.0,16669.0,16568.0,16271.0,16083.0,15887.0,15587.0,15636.0,15465.0,15271.0,15020.0,14765.0,14629.0,14519.0,14511.0,14242.0,14139.0,14104.0,13900.0,13799.0,13623.0,13514.0,13302.0
M,17,22310.0,21832.0,21736.0,21610.0,20989.0,20803.0,20652.0,20477.0,19963.0,19733.0,19783.0,19682.0,19234.0,19153.0,18798.0,18952.0,18514.0,18421.0,18298.0,18222.0,18009.0,17873.0,17628.0,17653.0,17536.0,17420.0,17311.0,17253.0,17033.0,16912.0,16668.0,16568.0,16270.0,16083.0,15887.0,15587.0,15636.0,15464.0,15271.0,15019.0,14764.0,14629.0,14519.0,14510.0,14242.0,14139.0,14104.0,13900.0,13799.0,13623.0,13514.0
M,18,22678.0,22310.0,21832.0,21735.0,21610.0,20989.0,20803.0,20651.0,20475.0,19962.0,19732.0,19783.0,19682.0,19234.0,19153.0,18797.0,18951.0,18514.0,18420.0,18298.0,18222.0,18009.0,17873.0,17628.0,17652.0,17536.0,17420.0,17310.0,17253.0,17033.0,16911.0,16668.0,16568.0,16270.0,16083.0,15887.0,15587.0,15635.0,15464.0,15271.0,15018.0,14764.0,14629.0,14519.0,14510.0,14242.0,14139.0,14104.0,13900.0,13799.0,13622.0
M,19,22729.0,22677.0,22309.0,21832.0,21735.0,21610.0,20988.0,20803.0,20651.0,20475.0,19962.0,19732.0,19783.0,19682.0,19234.0,19152.0,18796.0,18950.0,18514.0,18420.0,18298.0,18222.0,18009.0,17872.0,17626.0,17652.0,17536.0,17420.0,17310.0,17253.0,17033.0,16911.0,16667.0,16568.0,16270.0,16083.0,15887.0,15587.0,15635.0,15464.0,15271.0,15018.0,14763.0,14629.0,14519.0,14509.0,14242.0,14139.0,14104.0,13900.0,13799.0
M,20,23226.0,22729.0,22677.0,22307.0,21832.0,21735.0,21610.0,20988.0,20803.0,20650.0,20475.0,19961.0,19732.0,19782.0,19681.0,19234.0,19152.0,18796.0,18949.0,18512.0,18420.0,18298.0,18222.0,18009.0,17872.0,17625.0,17652.0,17536.0,17420.0,17310.0,17252.0,17033.0,16910.0,16667.0,16568.0,16270.0,16083.0,15886.0,15587.0,15634.0,15464.0,15271.0,15017.0,14763.0,14629.0,14519.0,14509.0,14242.0,14138.0,14104.0,13900.0
M,21,23201.0,23226.0,22729.0,22677.0,22305.0,21832.0,21735.0,21608.0,20987.0,20802.0,20649.0,20474.0,19960.0,19731.0,19782.0,19681.0,19234.0,19151.0,18796.0,18949.0,18512.0,18420.0,18298.0,18221.0,18009.0,17871.0,17624.0,17651.0,17536.0,17419.0,17309.0,17252.0,17032.0,16909.0,16667.0,16567.0,16269.0,16081.0,15885.0,15587.0,15633.0,15463.0,15270.0,15017.0,14763.0,14629.0,14517.0,14509.0,14240.0,14138.0,14104.0
M,22,23415.0,23200.0,23226.0,22729.0,22677.0,22304.0,21831.0,21733.0,21607.0,20987.0,20802.0,20649.0,20474.0,19960.0,19730.0,19782.0,19679.0,19234.0,19150.0,18796.0,18949.0,18511.0,18419.0,18297.0,18221.0,18008.0,17869.0,17624.0,17651.0,17536.0,17418.0,17309.0,17251.0,17032.0,16907.0,16667.0,16567.0,16269.0,16081.0,15885.0,15587.0,15633.0,15462.0,15270.0,15017.0,14763.0,14628.0,14516.0,14508.0,14240.0,14138.0
M,23,23560.0,23414.0,23200.0,23226.0,22728.0,22677.0,22304.0,21830.0,21733.0,21607.0,20986.0,20802.0,20649.0,20474.0,19959.0,19730.0,19782.0,19677.0,19234.0,19149.0,18796.0,18949.0,18511.0,18417.0,18297.0,18221.0,18007.0,17869.0,17622.0,17651.0,17535.0,17418.0,17308.0,17251.0,17032.0,16906.0,16665.0,16566.0,16269.0,16081.0,15885.0,15587.0,15631.0,15462.0,15270.0,15017.0,14763.0,14628.0,14516.0,14508.0,14240.0
M,24,23760.0,23559.0,23412.0,23200.0,23226.0,22728.0,22676.0,22304.0,21828.0,21732.0,21606.0,20985.0,20802.0,20648.0,20474.0,19959.0,19730.0,19781.0,19677.0,19234.0,19149.0,18794.0,18949.0,18510.0,18416.0,18297.0,18221.0,18007.0,17869.0,17622.0,17651.0,17535.0,17418.0,17307.0,17251.0,17032.0,16905.0,16665.0,16566.0,16269.0,16081.0,15885.0,15587.0,15630.0,15462.0,15270.0,15017.0,14763.0,14627.0,14516.0,14507.0
M,25,23690.0,23757.0,23559.0,23411.0,23199.0,23224.0,22728.0,22674.0,22303.0,21828.0,21732.0,21603.0,20985.0,20802.0,20648.0,20474.0,19959.0,19729.0,19781.0,19677.0,19234.0,19149.0,18794.0,18947.0,18508.0,18416.0,18297.0,18221.0,18007.0,17869.0,17621.0,17651.0,17535.0,17418.0,17306.0,17250.0,17032.0,16905.0,16665.0,16566.0,16269.0,16080.0,15885.0,15587.0,15629.0,15462.0,15270.0,15016.0,14763.0,14626.0,14516.0
M,26,23773.0,23689.0,23757.0,23558.0,23410.0,23198.0,23224.0,22728.0,22674.0,22303.0,21828.0,21731.0,21603.0,20985.0,20801.0,20648.0,20471.0,19959.0,19728.0,19780.0,19677.0,19233.0,19148.0,18794.0,18946.0,18507.0,18414.0,18297.0,18221.0,18007.0,17869.0,17621.0,17651.0,17533.0,17418.0,17306.0,17249.0,17031.0,16905.0,16665.0,16566.0,16268.0,16080.0,15885.0,15586.0,15628.0,15461.0,15270.0,15016.0,14762.0,14626.0
M,27,23940.0,23773.0,23688.0,23756.0,23557.0,23408.0,23198.0,23224.0,22727.0,22674.0,22303.0,21828.0,21727.0,21601.0,20984.0,20801.0,20647.0,20471.0,19959.0,19728.0,19780.0,19677.0,19232.0,19147.0,18794.0,18946.0,18507.0,18414.0,18297.0,18220.0,18007.0,17869.0,17619.0,17651.0,17533.0,17418.0,17306.0,17249.0,17031.0,16904.0,16664.0,16566.0,16268.0,16080.0,15885.0,15586.0,15627.0,15461.0,15270.0,15016.0,14761.0
M,28,23954.0,23938.0,23772.0,23688.0,23755.0,23557.0,23406.0,23198.0,23222.0,22726.0,22674.0,22303.0,21828.0,21725.0,21601.0,20983.0,20800.0,20647.0,20471.0,19958.0,19727.0,19779.0,19677.0,19232.0,19147.0,18794.0,18946.0,18507.0,18414.0,18297.0,18219.0,18007.0,17868.0,17618.0,17650.0,17533.0,17417.0,17305.0,17248.0,17031.0,16904.0,16662.0,16566.0,16267.0,16080.0,15883.0,15586.0,15627.0,15460.0,15269.0,15016.0
M,29,24236.0,23953.0,23936.0,23771.0,23688.0,23755.0,23556.0,23406.0,23197.0,23222.0,22724.0,22674.0,22303.0,21827.0,21723.0,21601.0,20983.0,20799.0,20646.0,20471.0,19958.0,19724.0,19778.0,19676.0,19232.0,19147.0,18792.0,18946.0,18506.0,18414.0,18297.0,18219.0,18006.0,17868.0,17617.0,17650.0,17533.0,17415.0,17304.0,17248.0,17031.0,16904.0,16662.0,16566.0,16267.0,16080.0,15881.0,15586.0,15627.0,15459.0,15269.0
M,30,24407.0,24234.0,23953.0,23935.0,23771.0,23688.0,23755.0,23556.0,23405.0,23194.0,23221.0,22723.0,22673.0,22302.0,21827.0,21723.0,21601.0,20983.0,20799.0,20646.0,20471.0,19958.0,19724.0,19777.0,19674.0,19232.0,19147.0,18792.0,18946.0,18506.0,18414.0,18297.0,18218.0,18006.0,17868.0,17617.0,17649.0,17533.0,17415.0,17304.0,17247.0,17031.0,16904.0,16662.0,16566.0,16267.0,16080.0,15880.0,15586.0,15626.0,15458.0
M,31,24686.0,24407.0,24233.0,23952.0,23935.0,23771.0,23688.0,23755.0,23556.0,23404.0,23194.0,23219.0,22722.0,22673.0,22302.0,21826.0,21722.0,21601.0,20983.0,20799.0,20645.0,20471.0,19958.0,19724.0,19776.0,19674.0,19231.0,19146.0,18792.0,18946.0,18506.0,18414.0,18297.0,18218.0,18006.0,17867.0,17617.0,17649.0,17532.0,17415.0,17303.0,17247.0,17031.0,16903.0,16662.0,16565.0,16267.0,16079.0,15880.0,15586.0,15625.0
M,32,24837.0,24685.0,24406.0,24231.0,23951.0,23935.0,23770.0,23687.0,23753.0,23555.0,23403.0,23190.0,23219.0,22721.0,22672.0,22301.0,21826.0,21722.0,21600.0,20983.0,20799.0,20644.0,20471.0,19958.0,19723.0,19775.0,19674.0,19231.0,19146.0,18792.0,18945.0,18505.0,18412.0,18297.0,18217.0,18006.0,17867.0,17617.0,17648.0,17532.0,17414.0,17302.0,17247.0,17030.0,16903.0,16662.0,16565.0,16266.0,16079.0,15880.0,15585.0
M,33,25099.0,24837.0,24680.0,24404.0,24231.0,23950.0,23935.0,23770.0,23687.0,23752.0,23555.0,23402.0,23189.0,23218.0,22721.0,22671.0,22299.0,21826.0,21722.0,21600.0,20981.0,20797.0,20644.0,20467.0,19956.0,19723.0,19775.0,19674.0,19230.0,19146.0,18792.0,18943.0,18505.0,18412.0,18296.0,18217.0,18006.0,17867.0,17617.0,17648.0,17532.0,17413.0,17301.0,17247.0,17030.0,16901.0,16661.0,16565.0,16266.0,16078.0,15880.0
M,34,25598.0,25097.0,24837.0,24680.0,24404.0,24231.0,23947.0,23934.0,23769.0,23686.0,23749.0,23554.0,23401.0,23188.0,23218.0,22721.0,22670.0,22297.0,21824.0,21721.0,21600.0,20979.0,20797.0,20643.0,20466.0,19956.0,19723.0,19775.0,19674.0,19230.0,19146.0,18791.0,18943.0,18505.0,18412.0,18296.0,18217.0,18006.0,17865.0,17616.0,17647.0,17532.0,17413.0,17300.0,17247.0,17030.0,16901.0,16661.0,16565.0,16266.0,16078.0
M,35,25886.0,25596.0,25097.0,24837.0,24678.0,24403.0,24231.0,23947.0,23933.0,23769.0,23686.0,23749.0,23553.0,23400.0,23185.0,23218.0,22718.0,22669.0,22297.0,21823.0,21718.0,21599.0,20978.0,20795.0,20643.0,20466.0,19953.0,19722.0,19774.0,19674.0,19229.0,19146.0,18789.0,18943.0,18505.0,18411.0,18296.0,18215.0,18005.0,17865.0,17616.0,17646.0,17530.0,17413.0,17297.0,17245.0,17030.0,16899.0,16661.0,16565.0,16265.0
M,36,26126.0,25885.0,25596.0,25093.0,24837.0,24678.0,24402.0,24230.0,23947.0,23933.0,23769.0,23682.0,23749.0,23553.0,23399.0,23184.0,23216.0,22718.0,22669.0,22297.0,21823.0,21717.0,21597.0,20977.0,20795.0,20642.0,20463.0,19953.0,19722.0,19773.0,19673.0,19228.0,19145.0,18788.0,18941.0,18503.0,18411.0,18295.0,18215.0,18003.0,17865.0,17616.0,17644.0,17529.0,17412.0,17297.0,17244.0,17030.0,16899.0,16659.0,16565.0
M,37,26199.0,26125.0,25884.0,25596.0,25093.0,24836.0,24677.0,24402.0,24230.0,23944.0,23930.0,23769.0,23682.0,23749.0,23550.0,23399.0,23183.0,23214.0,22716.0,22668.0,22295.0,21820.0,21717.0,21594.0,20977.0,20794.0,20642.0,20463.0,19951.0,19720.0,19770.0,19672.0,19228.0,19144.0,18788.0,18940.0,18502.0,18410.0,18295.0,18214.0,18000.0,17865.0,17616.0,17644.0,17529.0,17410.0,17297.0,17243.0,17028.0,16899.0,16659.0
M,38,26537.0,26194.0,26122.0,25884.0,25595.0,25092.0,24834.0,24677.0,24402.0,24229.0,23943.0,23930.0,23769.0,23681.0,23746.0,23550.0,23399.0,23182.0,23214.0,22715.0,22667.0,22295.0,21819.0,21715.0,21593.0,20976.0,20792.0,20642.0,20462.0,19951.0,19719.0,19770.0,19671.0,19228.0,19143.0,18788.0,18940.0,18502.0,18410.0,18295.0,18213.0,18000.0,17862.0,17615.0,17643.0,17529.0,17409.0,17296.0,17242.0,17028.0,16899.0
M,39,26831.0,26536.0,26193.0,26120.0,25884.0,25595.0,25091.0,24834.0,24677.0,24402.0,24227.0,23942.0,23930.0,23767.0,23681.0,23743.0,23550.0,23398.0,23181.0,23214.0,22714.0,22666.0,22295.0,21819.0,21715.0,21592.0,20976.0,20791.0,20641.0,20462.0,19951.0,19718.0,19770.0,19671.0,19227.0,19142.0,18787.0,18940.0,18501.0,18410.0,18294.0,18212.0,17999.0,17862.0,17613.0,17640.0,17529.0,17409.0,17296.0,17242.0,17028.0
M,40,26622.0,26829.0,26535.0,26193.0,26118.0,25881.0,25593.0,25088.0,24831.0,24672.0,24400.0,24225.0,23940.0,23929.0,23767.0,23679.0,23741.0,23548.0,23395.0,23180.0,23214.0,22714.0,22665.0,22293.0,21818.0,21714.0,21592.0,20976.0,20788.0,20640.0,20461.0,19951.0,19718.0,19769.0,19671.0,19226.0,19142.0,18786.0,18939.0,18499.0,18407.0,18293.0,18210.0,17999.0,17860.0,17613.0,17640.0,17526.0,17408.0,17295.0,17242.0
M,41,29318.0,26622.0,26827.0,26535.0,26190.0,26114.0,25878.0,25592.0,25086.0,24829.0,24670.0,24397.0,24224.0,23938.0,23927.0,23766.0,23679.0,23740.0,23547.0,23394.0,23177.0,23211.0,22714.0,22665.0,22293.0,21818.0,21713.0,21592.0,20975.0,20786.0,20638.0,20459.0,19951.0,19717.0,19767.0,19670.0,19226.0,19142.0,18785.0,18937.0,18498.0,18406.0,18293.0,18210.0,17998.0,17860.0,17612.0,17640.0,17524.0,17406.0,17295.0
M,42,27899.0,29317.0,26621.0,26824.0,26534.0,26189.0,26114.0,25877.0,25592.0,25085.0,24828.0,24669.0,24396.0,24223.0,23937.0,23926.0,23766.0,23677.0,23740.0,23546.0,23394.0,23173.0,23210.0,22712.0,22663.0,22291.0,21816.0,21712.0,21591.0,20975.0,20784.0,20637.0,20459.0,19948.0,19715.0,19765.0,19670.0,19226.0,19142.0,18785.0,18936.0,18497.0,18405.0,18293.0,18210.0,17995.0,17859.0,17611.0,17640.0,17524.0,17406.0
M,43,28925.0,27898.0,29316.0,26621.0,26822.0,26531.0,26187.0,26111.0,25875.0,25591.0,25082.0,24824.0,24667.0,24393.0,24222.0,23937.0,23924.0,23766.0,23676.0,23738.0,23545.0,23394.0,23171.0,23209.0,22711.0,22661.0,22290.0,21815.0,21709.0,21589.0,20974.0,20783.0,20636.0,20458.0,19947.0,19713.0,19764.0,19669.0,19226.0,19142.0,18785.0,18936.0,18494.0,18402.0,18293.0,18209.0,17992.0,17859.0,17610.0,17640.0,17523.0
M,44,29404.0,28922.0,27896.0,29316.0,26615.0,26821.0,26528.0,26187.0,26110.0,25874.0,25590.0,25078.0,24823.0,24666.0,24393.0,24221.0,23935.0,23923.0,23766.0,23675.0,23738.0,23544.0,23390.0,23171.0,23209.0,22708.0,22660.0,22288.0,21811.0,21709.0,21587.0,20973.0,20780.0,20634.0,20453.0,19946.0,19712.0,19762.0,19669.0,19226.0,19142.0,18785.0,18936.0,18494.0,18402.0,18293.0,18209.0,17991.0,17857.0,17609.0,17640.0
M,45,30279.0,29401.0,28918.0,27890.0,29314.0,26612.0,26818.0,26527.0,26182.0,26108.0,25873.0,25584.0,25075.0,24822.0,24661.0,24390.0,24215.0,23932.0,23922.0,23761.0,23673.0,23737.0,23543.0,23389.0,23170.0,23209.0,22705.0,22660.0,22288.0,21810.0,21707.0,21587.0,20972.0,20778.0,20631.0,20451.0,19945.0,19709.0,19761.0,19666.0,19225.0,19140.0,18783.0,18935.0,18493.0,18399.0,18293.0,18207.0,17990.0,17855.0,17609.0
M,46,31694.0,30277.0,29396.0,28916.0,27889.0,29313.0,26606.0,26814.0,26525.0,26180.0,26104.0,25871.0,25583.0,25074.0,24822.0,24660.0,24389.0,24211.0,23932.0,23921.0,23761.0,23671.0,23734.0,23540.0,23383.0,23167.0,23208.0,22701.0,22657.0,22285.0,21810.0,21704.0,21586.0,20970.0,20777.0,20628.0,20449.0,19945.0,19707.0,19759.0,19666.0,19224.0,19138.0,18781.0,18933.0,18491.0,18399.0,18293.0,18204.0,17990.0,17854.0
M,47,31687.0,31688.0,30274.0,29395.0,28915.0,27889.0,29306.0,26603.0,26812.0,26523.0,26176.0,26101.0,25869.0,25582.0,25071.0,24820.0,24659.0,24388.0,24210.0,23929.0,23915.0,23759.0,23668.0,23733.0,23537.0,23379.0,23164.0,23207.0,22701.0,22656.0,22280.0,21809.0,21700.0,21585.0,20970.0,20774.0,20627.0,20447.0,19942.0,19706.0,19759.0,19662.0,19223.0,19136.0,18781.0,18932.0,18491.0,18397.0,18292.0,18203.0,17987.0
M,48,31792.0,31685.0,31685.0,30271.0,29392.0,28913.0,27886.0,29303.0,26601.0,26811.0,26521.0,26174.0,26099.0,25867.0,25582.0,25067.0,24816.0,24654.0,24387.0,24208.0,23927.0,23914.0,23756.0,23666.0,23731.0,23535.0,23378.0,23163.0,23206.0,22699.0,22655.0,22278.0,21806.0,21699.0,21584.0,20966.0,20772.0,20625.0,20444.0,19940.0,19704.0,19758.0,19658.0,19221.0,19136.0,18777.0,18931.0,18489.0,18394.0,18290.0,18202.0
M,49,31742.0,31788.0,31682.0,31682.0,30267.0,29392.0,28910.0,27886.0,29300.0,26598.0,26809.0,26521.0,26170.0,26096.0,25865.0,25578.0,25065.0,24815.0,24653.0,24387.0,24204.0,23926.0,23910.0,23756.0,23664.0,23727.0,23533.0,23378.0,23160.0,23202.0,22699.0,22653.0,22275.0,21806.0,21695.0,21584.0,20966.0,20769.0,20623.0,20443.0,19936.0,19703.0,19757.0,19658.0,19220.0,19136.0,18776.0,18930.0,18487.0,18394.0,18288.0
M,50,32955.0,31738.0,31787.0,31676.0,31676.0,30263.0,29388.0,28909.0,27882.0,29297.0,26595.0,26806.0,26518.0,26165.0,26088.0,25863.0,25575.0,25065.0,24812.0,24652.0,24385.0,24202.0,23922.0,23910.0,23752.0,23662.0,23724.0,23530.0,23375.0,23159.0,23198.0,22693.0,22653.0,22271.0,21804.0,21694.0,21582.0,20961.0,20764.0,20621.0,20441.0,19934.0,19701.0,19753.0,19658.0,19219.0,19134.0,18771.0,18927.0,18485.0,18394.0
M,51,33371.0,32949.0,31734.0,31780.0,31670.0,31670.0,30258.0,29385.0,28902.0,27879.0,29297.0,26593.0,26799.0,26515.0,26163.0,26085.0,25859.0,25573.0,25063.0,24808.0,24649.0,24384.0,24199.0,23919.0,23906.0,23751.0,23660.0,23721.0,23529.0,23373.0,23159.0,23194.0,22687.0,22647.0,22268.0,21803.0,21691.0,21580.0,20960.0,20759.0,20619.0,20435.0,19931.0,19697.0,19751.0,19655.0,19218.0,19132.0,18769.0,18926.0,18484.0
M,52,34161.0,33366.0,32945.0,31730.0,31773.0,31665.0,31663.0,30249.0,29381.0,28896.0,27872.0,29294.0,26590.0,26796.0,26514.0,26152.0,26080.0,25857.0,25569.0,25057.0,24805.0,24645.0,24381.0,24197.0,23917.0,23904.0,23747.0,23655.0,23716.0,23527.0,23371.0,23158.0,23193.0,22682.0,22644.0,22267.0,21799.0,21687.0,21575.0,20957.0,20758.0,20617.0,20435.0,19929.0,19695.0,19749.0,19653.0,19215.0,19130.0,18768.0,18924.0
M,53,34871.0,34157.0,33362.0,32938.0,31725.0,31769.0,31660.0,31660.0,30242.0,29379.0,28894.0,27868.0,29289.0,26585.0,26794.0,26510.0,26148.0,26075.0,25853.0,25562.0,25051.0,24804.0,24640.0,24378.0,24195.0,23916.0,23900.0,23745.0,23652.0,23713.0,23525.0,23369.0,23155.0,23191.0,22680.0,22642.0,22261.0,21799.0,21683.0,21574.0,20952.0,20754.0,20615.0,20434.0,19926.0,19690.0,19745.0,19652.0,19212.0,19129.0,18766.0
M,54,34637.0,34863.0,34147.0,33355.0,32932.0,31716.0,31764.0,31658.0,31657.0,30240.0,29375.0,28887.0,27862.0,29288.0,26581.0,26786.0,26505.0,26144.0,26073.0,25850.0,25560.0,25048.0,24801.0,24639.0,24377.0,24193.0,23915.0,23898.0,23743.0,23650.0,23708.0,23524.0,23365.0,23153.0,23188.0,22675.0,22641.0,22255.0,21795.0,21682.0,21572.0,20950.0,20753.0,20613.0,20433.0,19923.0,19687.0,19741.0,19646.0,19210.0,19127.0
M,55,33595.0,34628.0,34853.0,34135.0,33345.0,32929.0,31706.0,31757.0,31651.0,31646.0,30228.0,29364.0,28880.0,27856.0,29279.0,26577.0,26781.0,26498.0,26137.0,26065.0,25846.0,25552.0,25040.0,24796.0,24637.0,24371.0,24188.0,23908.0,23897.0,23738.0,23647.0,23705.0,23519.0,23357.0,23148.0,23182.0,22671.0,22633.0,22251.0,21788.0,21676.0,21566.0,20946.0,20751.0,20610.0,20430.0,19918.0,19681.0,19738.0,19642.0,19204.0
M,56,33729.0,33584.0,34621.0,34845.0,34128.0,33335.0,32917.0,31700.0,31745.0,31643.0,31635.0,30223.0,29359.0,28870.0,27851.0,29268.0,26571.0,26777.0,26491.0,26133.0,26061.0,25834.0,25543.0,25035.0,24792.0,24634.0,24362.0,24186.0,23903.0,23895.0,23733.0,23642.0,23697.0,23514.0,23354.0,23143.0,23173.0,22664.0,22624.0,22244.0,21784.0,21672.0,21562.0,20942.0,20749.0,20601.0,20425.0,19915.0,19673.0,19734.0,19637.0
M,57,32833.0,33720.0,33575.0,34615.0,34834.0,34120.0,33323.0,32912.0,31694.0,31740.0,31639.0,31623.0,30217.0,29351.0,28864.0,27848.0,29266.0,26568.0,26774.0,26489.0,26129.0,26053.0,25832.0,25537.0,25031.0,24786.0,24627.0,24357.0,24182.0,23898.0,23886.0,23731.0,23637.0,23695.0,23506.0,23351.0,23138.0,23168.0,22658.0,22618.0,22240.0,21781.0,21668.0,21558.0,20938.0,20744.0,20597.0,20420.0,19910.0,19671.0,19729.0
M,58,33162.0,32827.0,33714.0,33567.0,34604.0,34828.0,34110.0,33315.0,32904.0,31690.0,31734.0,31624.0,31616.0,30206.0,29344.0,28856.0,27841.0,29256.0,26563.0,26769.0,26482.0,26124.0,26046.0,25826.0,25529.0,25029.0,24777.0,24625.0,24354.0,24179.0,23891.0,23881.0,23728.0,23631.0,23692.0,23506.0,23344.0,23132.0,23158.0,22652.0,22611.0,22234.0,21776.0,21666.0,21552.0,20936.0,20739.0,20592.0,20418.0,19907.0,19664.0
M,59,32714.0,33151.0,32821.0,33706.0,33558.0,34594.0,34822.0,34099.0,33305.0,32901.0,31675.0,31727.0,31616.0,31603.0,30196.0,29336.0,28852.0,27834.0,29249.0,26556.0,26766.0,26475.0,26119.0,26039.0,25819.0,25526.0,25024.0,24772.0,24622.0,24349.0,24173.0,23888.0,23876.0,23725.0,23626.0,23685.0,23502.0,23337.0,23131.0,23154.0,22648.0,22608.0,22229.0,21773.0,21663.0,21546.0,20934.0,20735.0,20590.0,20416.0,19903.0
M,60,32143.0,32708.0,33136.0,32811.0,33693.0,33540.0,34580.0,34814.0,34087.0,33293.0,32889.0,31662.0,31717.0,31603.0,31586.0,30185.0,29328.0,28842.0,27825.0,29239.0,26546.0,26760.0,26468.0,26112.0,26025.0,25813.0,25520.0,25011.0,24765.0,24613.0,24344.0,24164.0,23877.0,23868.0,23713.0,23620.0,23684.0,23497.0,23329.0,23120.0,23146.0,22641.0,22600.0,22222.0,21767.0,21654.0,21541.0,20932.0,20726.0,20584.0,20408.0
M,61,33201.0,32129.0,32696.0,33127.0,32804.0,33677.0,33526.0,34570.0,34794.0,34080.0,33279.0,32879.0,31647.0,31705.0,31596.0,31573.0,30182.0,29316.0,28834.0,27818.0,29226.0,26541.0,26752.0,26462.0,26105.0,26018.0,25805.0,25510.0,25003.0,24755.0,24601.0,24340.0,24151.0,23871.0,23865.0,23710.0,23614.0,23678.0,23494.0,23322.0,23112.0,23140.0,22632.0,22591.0,22209.0,21765.0,21647.0,21534.0,20920.0,20720.0,20574.0
M,62,35026.0,33191.0,32115.0,32680.0,33113.0,32792.0,33666.0,33514.0,34557.0,34783.0,34069.0,33268.0,32864.0,31638.0,31693.0,31585.0,31564.0,30174.0,29310.0,28828.0,27814.0,29218.0,26533.0,26748.0,26455.0,26097.0,26007.0,25794.0,25503.0,24995.0,24747.0,24596.0,24333.0,24139.0,23864.0,23856.0,23704.0,23602.0,23667.0,23488.0,23312.0,23103.0,23129.0,22625.0,22584.0,22201.0,21758.0,21639.0,21530.0,20915.0,20712.0
M,63,35295.0,35016.0,33175.0,32103.0,32674.0,33095.0,32779.0,33654.0,33499.0,34541.0,34766.0,34060.0,33257.0,32849.0,31625.0,31683.0,31573.0,31551.0,30166.0,29299.0,28818.0,27799.0,29205.0,26520.0,26744.0,26443.0,26093.0,26000.0,25786.0,25496.0,24989.0,24739.0,24590.0,24321.0,24131.0,23850.0,23848.0,23699.0,23596.0,23658.0,23484.0,23304.0,23097.0,23119.0,22619.0,22578.0,22193.0,21749.0,21634.0,21524.0,20909.0
M,64,35054.0,35281.0,35006.0,33155.0,32097.0,32662.0,33087.0,32767.0,33641.0,33484.0,34525.0,34753.0,34054.0,33247.0,32836.0,31606.0,31674.0,31562.0,31536.0,30158.0,29284.0,28809.0,27788.0,29200.0,26510.0,26731.0,26432.0,26087.0,25993.0,25777.0,25481.0,24977.0,24733.0,24588.0,24315.0,24123.0,23843.0,23837.0,23691.0,23586.0,23653.0,23475.0,23297.0,23092.0,23116.0,22614.0,22575.0,22185.0,21746.0,21627.0,21519.0
M,65,36200.0,35027.0,35258.0,34987.0,33131.0,32072.0,32649.0,33072.0,32738.0,33618.0,33465.0,34503.0,34732.0,34024.0,33229.0,32816.0,31581.0,31659.0,31542.0,31522.0,30144.0,29265.0,28793.0,27760.0,29181.0,26495.0,26717.0,26420.0,26075.0,25971.0,25765.0,25465.0,24962.0,24716.0,24575.0,24307.0,24105.0,23823.0,23825.0,23677.0,23578.0,23640.0,23466.0,23288.0,23083.0,23104.0,22599.0,22566.0,22171.0,21733.0,21612.0
M,66,37216.0,36174.0,34999.0,35231.0,34962.0,33106.0,32039.0,32624.0,33060.0,32714.0,33603.0,33444.0,34481.0,34702.0,34007.0,33210.0,32800.0,31566.0,31635.0,31525.0,31494.0,30126.0,29242.0,28766.0,27744.0,29163.0,26472.0,26706.0,26405.0,26048.0,25956.0,25753.0,25446.0,24943.0,24707.0,24552.0,24288.0,24087.0,23811.0,23810.0,23661.0,23562.0,23621.0,23448.0,23273.0,23070.0,23085.0,22589.0,22551.0,22153.0,21725.0
M,67,37439.0,37194.0,36147.0,34966.0,35215.0,34944.0,33082.0,32012.0,32607.0,33031.0,32687.0,33581.0,33414.0,34456.0,34671.0,33985.0,33188.0,32777.0,31543.0,31614.0,31506.0,31478.0,30101.0,29225.0,28747.0,27730.0,29149.0,26459.0,26690.0,26389.0,26037.0,25934.0,25739.0,25427.0,24923.0,24698.0,24536.0,24274.0,24075.0,23791.0,23801.0,23647.0,23543.0,23610.0,23436.0,23252.0,23058.0,23069.0,22577.0,22540.0,22139.0
M,68,37496.0,37408.0,37173.0,36123.0,34938.0,35191.0,34917.0,33059.0,31987.0,32589.0,33006.0,32660.0,33560.0,33398.0,34429.0,34645.0,33971.0,33167.0,32759.0,31518.0,31602.0,31494.0,31454.0,30083.0,29201.0,28739.0,27713.0,29132.0,26447.0,26665.0,26363.0,26014.0,25917.0,25726.0,25418.0,24912.0,24680.0,24520.0,24264.0,24062.0,23773.0,23784.0,23634.0,23527.0,23596.0,23421.0,23234.0,23053.0,23057.0,22560.0,22531.0
M,69,38016.0,37474.0,37375.0,37145.0,36091.0,34915.0,35166.0,34894.0,33040.0,31962.0,32562.0,32987.0,32640.0,33548.0,33374.0,34406.0,34628.0,33959.0,33148.0,32742.0,31498.0,31574.0,31474.0,31436.0,30063.0,29185.0,28724.0,27680.0,29116.0,26435.0,26649.0,26346.0,25999.0,25905.0,25707.0,25405.0,24900.0,24670.0,24508.0,24252.0,24047.0,23761.0,23770.0,23621.0,23512.0,23581.0,23406.0,23219.0,23041.0,23045.0,22549.0
M,70,39108.0,37974.0,37435.0,37319.0,37102.0,36057.0,34878.0,35118.0,34849.0,33001.0,31928.0,32530.0,32951.0,32610.0,33519.0,33332.0,34365.0,34591.0,33923.0,33115.0,32702.0,31472.0,31538.0,31441.0,31397.0,30030.0,29159.0,28695.0,27639.0,29086.0,26396.0,26626.0,26310.0,25974.0,25882.0,25680.0,25378.0,24876.0,24640.0,24479.0,24229.0,24030.0,23728.0,23742.0,23606.0,23480.0,23552.0,23384.0,23190.0,23021.0,23023.0
M,71,39447.0,39059.0,37926.0,37382.0,37270.0,37062.0,36008.0,34835.0,35081.0,34814.0,32958.0,31882.0,32495.0,32914.0,32580.0,33473.0,33299.0,34332.0,34561.0,33884.0,33071.0,32658.0,31440.0,31517.0,31418.0,31369.0,29980.0,29137.0,28665.0,27618.0,29062.0,26362.0,26592.0,26284.0,25934.0,25861.0,25661.0,25361.0,24858.0,24609.0,24451.0,24201.0,23995.0,23704.0,23712.0,23585.0,23453.0,23531.0,23357.0,23169.0,22987.0
M,72,39810.0,39399.0,39011.0,37873.0,37345.0,37233.0,37031.0,35968.0,34792.0,35044.0,34769.0,32915.0,31842.0,32460.0,32872.0,32542.0,33435.0,33260.0,34294.0,34528.0,33853.0,33044.0,32631.0,31405.0,31481.0,31395.0,31325.0,29946.0,29116.0,28636.0,27579.0,29030.0,26330.0,26555.0,26254.0,25906.0,25840.0,25632.0,25342.0,24834.0,24588.0,24426.0,24169.0,23974.0,23672.0,23693.0,23557.0,23431.0,23504.0,23336.0,23148.0
M,73,39285.0,39766.0,39353.0,38958.0,37833.0,37301.0,37184.0,36987.0,35928.0,34762.0,35010.0,34741.0,32877.0,31810.0,32423.0,32846.0,32500.0,33402.0,33230.0,34267.0,34501.0,33815.0,32999.0,32609.0,31380.0,31451.0,31362.0,31296.0,29916.0,29092.0,28611.0,27553.0,29002.0,26311.0,26528.0,26220.0,25880.0,25818.0,25614.0,25313.0,24807.0,24563.0,24401.0,24137.0,23947.0,23650.0,23673.0,23535.0,23417.0,23494.0,23310.0
M,74,38967.0,39249.0,39714.0,39301.0,38910.0,37803.0,37252.0,37136.0,36941.0,35888.0,34719.0,34963.0,34701.0,32839.0,31775.0,32380.0,32807.0,32468.0,33366.0,33197.0,34234.0,34468.0,33781.0,32971.0,32578.0,31345.0,31426.0,31330.0,31263.0,29880.0,29059.0,28583.0,27530.0,28971.0,26285.0,26502.0,26205.0,25862.0,25795.0,25590.0,25298.0,24783.0,24529.0,24378.0,24115.0,23918.0,23629.0,23655.0,23509.0,23403.0,23477.0
M,75,37123.0,38870.0,39167.0,39636.0,39215.0,38811.0,37720.0,37180.0,37056.0,36863.0,35819.0,34661.0,34894.0,34627.0,32777.0,31717.0,32317.0,32746.0,32403.0,33315.0,33151.0,34191.0,34409.0,33710.0,32903.0,32522.0,31281.0,31378.0,31276.0,31201.0,29818.0,29012.0,28528.0,27472.0,28920.0,26241.0,26457.0,26152.0,25812.0,25747.0,25547.0,25250.0,24744.0,24475.0,24333.0,24072.0,23865.0,23591.0,23605.0,23460.0,23367.0
M,76,37223.0,37043.0,38790.0,39095.0,39549.0,39138.0,38719.0,37645.0,37095.0,36991.0,36785.0,35755.0,34597.0,34840.0,34574.0,32716.0,31665.0,32254.0,32700.0,32346.0,33240.0,33100.0,34136.0,34352.0,33640.0,32850.0,32472.0,31221.0,31330.0,31213.0,31139.0,29758.0,28966.0,28481.0,27424.0,28868.0,26198.0,26412.0,26107.0,25764.0,25708.0,25519.0,25202.0,24710.0,24431.0,24292.0,24040.0,23832.0,23546.0,23567.0,23409.0
M,77,36415.0,37122.0,36980.0,38716.0,39009.0,39465.0,39056.0,38641.0,37579.0,37029.0,36916.0,36711.0,35696.0,34519.0,34762.0,34518.0,32655.0,31607.0,32182.0,32631.0,32294.0,33177.0,33051.0,34081.0,34312.0,33586.0,32791.0,32419.0,31166.0,31272.0,31154.0,31076.0,29705.0,28906.0,28424.0,27372.0,28810.0,26164.0,26366.0,26056.0,25731.0,25668.0,25478.0,25155.0,24664.0,24399.0,24254.0,23997.0,23789.0,23497.0,23528.0
M,78,35431.0,36326.0,37037.0,36898.0,38631.0,38932.0,39380.0,38987.0,38566.0,37511.0,36964.0,36844.0,36631.0,35628.0,34450.0,34690.0,34457.0,32612.0,31541.0,32122.0,32569.0,32247.0,33127.0,32993.0,34025.0,34244.0,33531.0,32731.0,32369.0,31115.0,31206.0,31094.0,31027.0,29643.0,28860.0,28372.0,27328.0,28768.0,26124.0,26328.0,26004.0,25691.0,25634.0,25435.0,25107.0,24609.0,24358.0,24212.0,23951.0,23741.0,23466.0
M,79,35437.0,35351.0,36232.0,36956.0,36817.0,38553.0,38849.0,39279.0,38911.0,38487.0,37441.0,36890.0,36772.0,36570.0,35553.0,34382.0,34627.0,34395.0,32561.0,31474.0,32055.0,32505.0,32198.0,33082.0,32930.0,33957.0,34189.0,33463.0,32676.0,32323.0,31071.0,31155.0,31038.0,30969.0,29588.0,28821.0,28330.0,27282.0,28720.0,26079.0,26276.0,25948.0,25659.0,25591.0,25399.0,25065.0,24564.0,24314.0,24169.0,23915.0,23696.0
M,80,35151.0,35295.0,35226.0,36087.0,36795.0,36684.0,38425.0,38715.0,39116.0,38753.0,38329.0,37303.0,36756.0,36650.0,36444.0,35425.0,34278.0,34520.0,34289.0,32464.0,31359.0,31962.0,32397.0,32102.0,32975.0,32818.0,33844.0,34090.0,33357.0,32570.0,32216.0,30961.0,31042.0,30928.0,30873.0,29522.0,28732.0,28247.0,27196.0,28623.0,26000.0,26183.0,25877.0,25591.0,25507.0,25328.0,24977.0,24488.0,24250.0,24090.0,23845.0
M,81,33752.0,35015.0,35151.0,35105.0,35951.0,36666.0,36551.0,38275.0,38560.0,38955.0,38605.0,38179.0,37156.0,36630.0,36531.0,36325.0,35292.0,34162.0,34396.0,34189.0,32363.0,31268.0,31846.0,32294.0,31987.0,32870.0,32719.0,33747.0,34006.0,33221.0,32471.0,32106.0,30857.0,30948.0,30827.0,30755.0,29432.0,28629.0,28154.0,27128.0,28535.0,25920.0,26090.0,25804.0,25522.0,25433.0,25256.0,24911.0,24413.0,24177.0,24010.0
M,82,34161.0,33626.0,34888.0,35011.0,34967.0,35801.0,36521.0,36437.0,38128.0,38442.0,38812.0,38457.0,38043.0,37025.0,36501.0,36399.0,36198.0,35174.0,34062.0,34286.0,34084.0,32259.0,31176.0,31736.0,32197.0,31880.0,32755.0,32622.0,33624.0,33892.0,33117.0,32364.0,32008.0,30747.0,30833.0,30727.0,30666.0,29335.0,28536.0,28052.0,27058.0,28444.0,25828.0,26008.0,25723.0,25463.0,25367.0,25174.0,24839.0,24335.0,24094.0
M,83,33198.0,34010.0,33495.0,34749.0,34884.0,34843.0,35661.0,36373.0,36296.0,38007.0,38301.0,38665.0,38332.0,37921.0,36894.0,36398.0,36250.0,36077.0,35056.0,33955.0,34176.0,33972.0,32178.0,31071.0,31629.0,32088.0,31786.0,32650.0,32515.0,33521.0,33782.0,33015.0,32263.0,31909.0,30662.0,30743.0,30622.0,30586.0,29241.0,28443.0,27973.0,26980.0,28360.0,25755.0,25935.0,25643.0,25377.0,25275.0,25100.0,24771.0,24255.0
M,84,32711.0,33063.0,33888.0,33363.0,34620.0,34735.0,34743.0,35528.0,36242.0,36167.0,37884.0,38172.0,38509.0,38218.0,37805.0,36765.0,36279.0,36125.0,35962.0,34933.0,33847.0,34065.0,33870.0,32068.0,30942.0,31531.0,31983.0,31713.0,32553.0,32431.0,33397.0,33683.0,32918.0,32155.0,31802.0,30570.0,30644.0,30526.0,30504.0,29150.0,28365.0,27880.0,26900.0,28270.0,25677.0,25858.0,25551.0,25291.0,25199.0,25019.0,24701.0
M,85,31257.0,32459.0,32838.0,33654.0,33117.0,34349.0,34499.0,34505.0,35243.0,35970.0,35891.0,37607.0,37929.0,38231.0,37990.0,37547.0,36543.0,36066.0,35911.0,35731.0,34725.0,33641.0,33861.0,33659.0,31876.0,30771.0,31351.0,31793.0,31501.0,32358.0,32250.0,33205.0,33476.0,32724.0,31963.0,31616.0,30383.0,30469.0,30343.0,30338.0,28979.0,28186.0,27705.0,26762.0,28096.0,25516.0,25696.0,25381.0,25133.0,25031.0,24854.0
M,86,31686.0,31035.0,32207.0,32601.0,33419.0,32854.0,34079.0,34268.0,34250.0,34990.0,35716.0,35657.0,37334.0,37669.0,37972.0,37731.0,37307.0,36271.0,35828.0,35679.0,35494.0,34511.0,33443.0,33630.0,33461.0,31666.0,30560.0,31140.0,31563.0,31308.0,32154.0,32035.0,32985.0,33284.0,32538.0,31773.0,31422.0,30189.0,30282.0,30160.0,30136.0,28797.0,28030.0,27549.0,26616.0,27929.0,25348.0,25545.0,25236.0,24981.0,24889.0
M,87,31814.0,31420.0,30770.0,31988.0,32373.0,33207.0,32630.0,33832.0,34051.0,34014.0,34734.0,35454.0,35408.0,37053.0,37418.0,37721.0,37478.0,37070.0,36023.0,35606.0,35448.0,35285.0,34313.0,33232.0,33424.0,33249.0,31482.0,30379.0,30967.0,31364.0,31095.0,31943.0,31850.0,32783.0,33073.0,32328.0,31581.0,31221.0,30017.0,30123.0,29950.0,29968.0,28608.0,27861.0,27379.0,26439.0,27741.0,25187.0,25400.0,25069.0,24792.0
M,88,32457.0,31563.0,31191.0,30544.0,31759.0,32157.0,32968.0,32401.0,33596.0,33789.0,33801.0,34516.0,35213.0,35169.0,36819.0,37172.0,37481.0,37238.0,36823.0,35794.0,35387.0,35232.0,35063.0,34105.0,33035.0,33225.0,33026.0,31282.0,30190.0,30778.0,31170.0,30876.0,31740.0,31665.0,32575.0,32868.0,32111.0,31365.0,31048.0,29845.0,29949.0,29769.0,29776.0,28424.0,27696.0,27189.0,26269.0,27586.0,25022.0,25255.0,24906.0
M,89,32164.0,32227.0,31311.0,30916.0,30307.0,31495.0,31918.0,32734.0,32205.0,33358.0,33546.0,33527.0,34270.0,35019.0,34959.0,36564.0,36922.0,37251.0,36996.0,36588.0,35577.0,35187.0,35009.0,34868.0,33906.0,32846.0,33020.0,32803.0,31090.0,30010.0,30613.0,30962.0,30689.0,31562.0,31479.0,32385.0,32666.0,31897.0,31169.0,30854.0,29666.0,29760.0,29588.0,29594.0,28262.0,27499.0,27012.0,26110.0,27429.0,24869.0,25088.0
M,90,32436.0,31587.0,31668.0,30737.0,30396.0,29816.0,30992.0,31393.0,32192.0,31684.0,32828.0,33025.0,32977.0,33751.0,34490.0,34442.0,36019.0,36368.0,36679.0,36423.0,36025.0,35080.0,34688.0,34494.0,34332.0,33427.0,32389.0,32581.0,32345.0,30632.0,29604.0,30183.0,30500.0,30249.0,31116.0,31023.0,31902.0,32233.0,31418.0,30738.0,30445.0,29229.0,29352.0,29156.0,29176.0,27875.0,27131.0,26619.0,25709.0,27040.0,24518.0
M,91,23813.0,23951.0,23339.0,23362.0,22743.0,22502.0,22097.0,22977.0,23228.0,23818.0,23426.0,24279.0,24416.0,24404.0,25031.0,25547.0,25500.0,26717.0,26991.0,27218.0,26991.0,26748.0,26024.0,25753.0,25561.0,25469.0,24843.0,23992.0,24141.0,24012.0,22763.0,21955.0,22423.0,22651.0,22465.0,23125.0,23039.0,23676.0,23888.0,23292.0,22828.0,22658.0,21732.0,21784.0,21676.0,21713.0,20824.0,20265.0,19794.0,19076.0,20125.0
M,92,17345.0,17577.0,17673.0,17243.0,17214.0,16749.0,16563.0,16354.0,16997.0,17167.0,17604.0,17281.0,17955.0,18086.0,18085.0,18548.0,18879.0,18996.0,19822.0,20095.0,20154.0,19932.0,19860.0,19287.0,19056.0,18938.0,18940.0,18446.0,17795.0,17851.0,17740.0,16870.0,16291.0,16601.0,16825.0,16639.0,17101.0,17006.0,17525.0,17679.0,17209.0,16839.0,16797.0,16075.0,16248.0,16090.0,16139.0,15382.0,15077.0,14696.0,14173.0
M,93,12830.0,12817.0,12945.0,13016.0,12712.0,12676.0,12310.0,12103.0,12066.0,12499.0,12569.0,13104.0,12748.0,13211.0,13427.0,13341.0,13771.0,13950.0,14132.0,14617.0,14823.0,14950.0,14777.0,14676.0,14264.0,14049.0,13976.0,13968.0,13579.0,13136.0,13103.0,13000.0,12409.0,11986.0,12222.0,12377.0,12244.0,12615.0,12628.0,12926.0,12977.0,12681.0,12431.0,12322.0,11812.0,11929.0,11836.0,11870.0,11417.0,11159.0,10946.0
M,94,9387.0,9487.0,9411.0,9612.0,9614.0,9360.0,9422.0,9143.0,8943.0,9012.0,9253.0,9339.0,9724.0,9431.0,9740.0,9922.0,9830.0,10117.0,10314.0,10409.0,10704.0,10841.0,10953.0,10911.0,10967.0,10591.0,10440.0,10317.0,10346.0,10020.0,9735.0,9705.0,9653.0,9251.0,8887.0,9050.0,9254.0,9061.0,9327.0,9328.0,9568.0,9682.0,9465.0,9264.0,9123.0,8775.0,8885.0,8735.0,8815.0,8495.0,8272.0
M,95,6567.0,6759.0,6813.0,6744.0,6831.0,6906.0,6820.0,6750.0,6583.0,6406.0,6496.0,6641.0,6752.0,7009.0,6811.0,7068.0,7244.0,7138.0,7346.0,7438.0,7619.0,7815.0,7882.0,8056.0,7938.0,7917.0,7748.0,7585.0,7512.0,7462.0,7234.0,7018.0,6994.0,7026.0,6741.0,6451.0,6570.0,6698.0,6617.0,6706.0,6759.0,6932.0,7068.0,6937.0,6785.0,6729.0,6435.0,6462.0,6369.0,6471.0,6187.0
M,96,4736.0,4749.0,4910.0,4863.0,4852.0,4875.0,4954.0,4927.0,4832.0,4707.0,4591.0,4686.0,4804.0,4895.0,5013.0,4965.0,5126.0,5280.0,5174.0,5327.0,5441.0,5572.0,5669.0,5661.0,5848.0,5747.0,5694.0,5590.0,5447.0,5438.0,5355.0,5222.0,5040.0,5063.0,5055.0,4856.0,4644.0,4745.0,4823.0,4759.0,4870.0,4840.0,4996.0,5148.0,5030.0,4850.0,4798.0,4604.0,4647.0,4594.0,4683.0
M,97,3331.0,3404.0,3416.0,3529.0,3520.0,3462.0,3528.0,3523.0,3535.0,3454.0,3405.0,3312.0,3329.0,3456.0,3514.0,3613.0,3592.0,3710.0,3821.0,3751.0,3872.0,3910.0,3954.0,4083.0,4112.0,4185.0,4183.0,4107.0,4042.0,3983.0,3950.0,3861.0,3805.0,3649.0,3680.0,3656.0,3490.0,3380.0,3407.0,3502.0,3423.0,3528.0,3445.0,3626.0,3746.0,3661.0,3516.0,3522.0,3345.0,3384.0,3296.0
M,98,2373.0,2394.0,2449.0,2463.0,2556.0,2513.0,2507.0,2525.0,2576.0,2580.0,2536.0,2446.0,2410.0,2400.0,2483.0,2513.0,2615.0,2631.0,2632.0,2761.0,2716.0,2823.0,2843.0,2829.0,2911.0,2964.0,3035.0,2978.0,2995.0,2940.0,2933.0,2881.0,2812.0,2794.0,2676.0,2678.0,2698.0,2541.0,2467.0,2487.0,2551.0,2490.0,2587.0,2523.0,2619.0,2721.0,2671.0,2577.0,2545.0,2408.0,2440.0
M,99,1659.0,1706.0,1726.0,1807.0,1783.0,1879.0,1811.0,1845.0,1879.0,1866.0,1891.0,1882.0,1779.0,1792.0,1741.0,1817.0,1841.0,1881.0,1896.0,1911.0,2025.0,1972.0,2074.0,2068.0,2028.0,2118.0,2178.0,2260.0,2162.0,2176.0,2151.0,2134.0,2091.0,2081.0,2074.0,1958.0,1979.0,1999.0,1877.0,1810.0,1867.0,1882.0,1814.0,1880.0,1862.0,1916.0,2014.0,1941.0,1857.0,1816.0,1710.0
M,100,1174.0,1141.0,1177.0,1229.0,1237.0,1235.0,1285.0,1262.0,1280.0,1306.0,1340.0,1342.0,1316.0,1248.0,1255.0,1232.0,1292.0,1307.0,1330.0,1386.0,1355.0,1456.0,1373.0,1441.0,1479.0,1443.0,1450.0,1550.0,1597.0,1520.0,1531.0,1506.0,1488.0,1455.0,1491.0,1470.0,1369.0,1376.0,1398.0,1287.0,1267.0,1293.0,1328.0,1285.0,1345.0,1282.0,1345.0,1414.0,1370.0,1301.0,1293.0
M,101,423.0,416.0,401.0,412.0,444.0,442.0,447.0,466.0,445.0,448.0,462.0,466.0,481.0,468.0,448.0,453.0,452.0,469.0,464.0,480.0,483.0,479.0,501.0,476.0,512.0,512.0,492.0,514.0,547.0,560.0,549.0,549.0,512.0,511.0,508.0,521.0,516.0,492.0,484.0,470.0,461.0,460.0,451.0,487.0,448.0,487.0,460.0,481.0,503.0,477.0,449.0
M,102,155.0,162.0,156.0,155.0,131.0,155.0,153.0,150.0,160.0,165.0,161.0,173.0,162.0,186.0,174.0,159.0,163.0,169.0,173.0,167.0,169.0,168.0,167.0,178.0,158.0,175.0,183.0,164.0,175.0,195.0,188.0,174.0,190.0,188.0,180.0,189.0,193.0,185.0,182.0,185.0,174.0,167.0,171.0,168.0,189.0,171.0,188.0,166.0,179.0,181.0,162.0
M,103,53.0,46.0,43.0,51.0,50.0,40.0,57.0,47.0,47.0,51.0,52.0,49.0,50.0,47.0,65.0,54.0,61.0,63.0,58.0,54.0,52.0,63.0,65.0,58.0,64.0,59.0,67.0,67.0,64.0,72.0,71.0,78.0,66.0,78.0,63.0,71.0,70.0,75.0,65.0,59.0,57.0,62.0,59.0,47.0,54.0,66.0,50.0,54.0,61.0,54.0,57.0
M,104,16.0,14.0,12.0,11.0,14.0,12.0,7.0,20.0,12.0,9.0,16.0,18.0,16.0,16.0,15.0,25.0,19.0,21.0,24.0,19.0,19.0,21.0,24.0,18.0,23.0,22.0,16.0,22.0,24.0,21.0,27.0,26.0,27.0,25.0,29.0,20.0,22.0,24.0,25.0,25.0,23.0,12.0,17.0,22.0,9.0,19.0,19.0,18.0,15.0,22.0,23.0
M,105,4.0,2.0,4.0,3.0,4.0,8.0,7.0,3.0,9.0,6.0,2.0,8.0,3.0,8.0,5.0,5.0,13.0,9.0,8.0,13.0,8.0,9.0,7.0,7.0,10.0,5.0,9.0,3.0,6.0,4.0,6.0,8.0,8.0,3.0,7.0,9.0,5.0,9.0,9.0,13.0,7.0,9.0,8.0,7.0,10.0,4.0,7.0,7.0,12.0,8.0,10.0
M,106,,1.0,1.0,1.0,,1.0,3.0,3.0,1.0,3.0,,,2.0,,3.0,2.0,1.0,4.0,3.0,4.0,2.0,2.0,3.0,2.0,2.0,4.0,2.0,1.0,2.0,2.0,1.0,2.0,4.0,1.0,2.0,3.0,3.0,2.0,1.0,3.0,2.0,2.0,2.0,2.0,1.0,1.0,1.0,1.0,3.0,2.0,2.0
M,107,,,,,,,,,,,,,,,,,,,1.0,1.0,1.0,,1.0,2.0,1.0,1.0,2.0,1.0,,1.0,,,1.0,2.0,,2.0,2.0,,1.0,1.0,,,,,,,,,,,1.0
M,108,,,,,,,,,,,,,,,,,,,,,,,,,1.0,1.0,,1.0,,,,,,,2.0,,1.0,,,,,,,,,,,,,,
M,109,,,,,,,,,,,,,,,,,,,,,,,,,,,,,,,,,,,,1.0,,,,,,,,,,,,,,,
