sex,alder,pop_2023,pop_2024,pop_2025,pop_2026,pop_2027,pop_2028,pop_2029,pop_2030,pop_2031,pop_2032,pop_2033,pop_2034,pop_2035,pop_2036,pop_2037,pop_2038,pop_2039,pop_2040,pop_2041,pop_2042,pop_2043,pop_2044,pop_2045,pop_2046,pop_2047,pop_2048,pop_2049,pop_2050,pop_2051,pop_2052,pop_2053,pop_2054,pop_2055,pop_2056,pop_2057,pop_2058
K,0,25310.0,26937.0,26973.0,26193.0,26042.0,25918.0,25442.0,25264.0,25107.0,24763.0,24402.0,24469.0,24191.0,23943.0,23797.0,23676.0,23602.0,23392.0,23394.0,23323.0,22983.0,22749.0,22487.0,22219.0,22119.0,21518.0,21271.0,21233.0,20768.0,20530.0,20465.0,19866.0,19830.0,19725.0,19543.0,19321.0
K,1,28037.0,25301.0,26932.0,26955.0,26185.0,26033.0,25913.0,25439.0,25251.0,25094.0,24758.0,24395.0,24463.0,24183.0,23939.0,23793.0,23672.0,23597.0,23390.0,23391.0,23320.0,22982.0,22743.0,22486.0,22217.0,22117.0,21518.0,21269.0,21232.0,20766.0,20529.0,20465.0,19866.0,19830.0,19724.0,19542.0
K,2,26820.0,28025.0,25289.0,26925.0,26946.0,26175.0,26024.0,25905.0,25430.0,25245.0,25083.0,24750.0,24385.0,24456.0,24178.0,23935.0,23788.0,23669.0,23595.0,23385.0,23389.0,23315.0,22979.0,22742.0,22483.0,22214.0,22116.0,21516.0,21269.0,21231.0,20766.0,20529.0,20463.0,19866.0,19828.0,19723.0
K,3,27466.0,26813.0,28019.0,25272.0,26915.0,26938.0,26165.0,26018.0,25897.0,25420.0,25235.0,25071.0,24743.0,24381.0,24449.0,24175.0,23929.0,23784.0,23666.0,23594.0,23383.0,23388.0,23309.0,22977.0,22739.0,22479.0,22213.0,22114.0,21516.0,21267.0,21230.0,20765.0,20529.0,20463.0,19865.0,19826.0
K,4,27692.0,27455.0,26800.0,28010.0,25262.0,26904.0,26932.0,26158.0,26000.0,25889.0,25408.0,25231.0,25067.0,24738.0,24379.0,24447.0,24168.0,23925.0,23781.0,23663.0,23591.0,23381.0,23386.0,23305.0,22973.0,22738.0,22476.0,22212.0,22114.0,21515.0,21266.0,21227.0,20763.0,20528.0,20463.0,19864.0
K,5,28546.0,27691.0,27454.0,26799.0,28009.0,25262.0,26904.0,26931.0,26158.0,26000.0,25889.0,25408.0,25231.0,25067.0,24738.0,24379.0,24447.0,24168.0,23924.0,23781.0,23663.0,23591.0,23381.0,23386.0,23305.0,22973.0,22738.0,22476.0,22212.0,22114.0,21515.0,21266.0,21227.0,20763.0,20528.0,20463.0
K,6,29714.0,28545.0,27688.0,27454.0,26799.0,28008.0,25262.0,26902.0,26931.0,26156.0,26000.0,25889.0,25408.0,25231.0,25064.0,24738.0,24378.0,24446.0,24168.0,23924.0,23781.0,23663.0,23591.0,23380.0,23386.0,23305.0,22973.0,22738.0,22476.0,22212.0,22114.0,21515.0,21266.0,21225.0,20763.0,20528.0
K,7,29958.0,29712.0,28544.0,27688.0,27451.0,26798.0,28007.0,25262.0,26902.0,26931.0,26154.0,25998.0,25888.0,25408.0,25230.0,25064.0,24738.0,24377.0,24446.0,24168.0,23924.0,23780.0,23663.0,23591.0,23380.0,23385.0,23304.0,22973.0,22738.0,22476.0,22212.0,22114.0,21515.0,21266.0,21225.0,20763.0
K,8,30221.0,29958.0,29710.0,28543.0,27686.0,27449.0,26797.0,28005.0,25261.0,26902.0,26929.0,26153.0,25995.0,25886.0,25408.0,25230.0,25064.0,24738.0,24377.0,24446.0,24168.0,23924.0,23780.0,23663.0,23591.0,23380.0,23385.0,23304.0,22973.0,22738.0,22476.0,22211.0,22114.0,21515.0,21266.0,21225.0
K,9,30613.0,30219.0,29956.0,29709.0,28543.0,27686.0,27448.0,26797.0,28004.0,25261.0,26901.0,26929.0,26153.0,25995.0,25885.0,25408.0,25230.0,25063.0,24738.0,24376.0,24445.0,24168.0,23924.0,23779.0,23663.0,23591.0,23380.0,23385.0,23304.0,22973.0,22738.0,22476.0,22211.0,22114.0,21515.0,21266.0
K,10,31377.0,30611.0,30219.0,29954.0,29708.0,28543.0,27684.0,27446.0,26794.0,28001.0,25261.0,26899.0,26928.0,26153.0,25994.0,25884.0,25408.0,25229.0,25063.0,24737.0,24376.0,24444.0,24166.0,23924.0,23779.0,23662.0,23591.0,23380.0,23385.0,23304.0,22973.0,22738.0,22476.0,22210.0,22114.0,21515.0
K,11,31526.0,31377.0,30609.0,30217.0,29951.0,29705.0,28543.0,27683.0,27446.0,26793.0,28001.0,25258.0,26899.0,26927.0,26152.0,25993.0,25884.0,25406.0,25229.0,25063.0,24735.0,24376.0,24444.0,24164.0,23924.0,23779.0,23662.0,23591.0,23380.0,23385.0,23304.0,22973.0,22738.0,22476.0,22210.0,22114.0
K,12,32628.0,31521.0,31375.0,30608.0,30215.0,29949.0,29702.0,28543.0,27683.0,27445.0,26793.0,27999.0,25258.0,26899.0,26923.0,26152.0,25993.0,25883.0,25404.0,25229.0,25062.0,24735.0,24376.0,24443.0,24164.0,23924.0,23778.0,23662.0,23590.0,23380.0,23385.0,23303.0,22973.0,22738.0,22476.0,22210.0
K,13,33044.0,32625.0,31519.0,31374.0,30607.0,30213.0,29948.0,29701.0,28543.0,27681.0,27444.0,26792.0,27998.0,25255.0,26898.0,26923.0,26151.0,25992.0,25881.0,25403.0,25227.0,25060.0,24734.0,24375.0,24443.0,24164.0,23924.0,23778.0,23661.0,23589.0,23380.0,23385.0,23302.0,22972.0,22738.0,22476.0
K,14,32594.0,33041.0,32621.0,31519.0,31371.0,30605.0,30211.0,29946.0,29697.0,28542.0,27678.0,27444.0,26790.0,27996.0,25251.0,26897.0,26923.0,26150.0,25991.0,25881.0,25403.0,25227.0,25060.0,24734.0,24375.0,24443.0,24164.0,23924.0,23778.0,23660.0,23589.0,23380.0,23385.0,23302.0,22972.0,22738.0
K,15,31915.0,32591.0,33035.0,32612.0,31510.0,31365.0,30595.0,30205.0,29940.0,29692.0,28538.0,27675.0,27440.0,26788.0,27993.0,25248.0,26893.0,26919.0,26148.0,25989.0,25879.0,25399.0,25227.0,25058.0,24734.0,24372.0,24443.0,24164.0,23924.0,23776.0,23660.0,23589.0,23378.0,23385.0,23301.0,22972.0
K,16,32102.0,31905.0,32583.0,33028.0,32608.0,31505.0,31359.0,30588.0,30201.0,29936.0,29687.0,28532.0,27670.0,27438.0,26784.0,27989.0,25242.0,26893.0,26916.0,26147.0,25986.0,25879.0,25398.0,25226.0,25054.0,24734.0,24371.0,24443.0,24164.0,23924.0,23774.0,23659.0,23589.0,23378.0,23385.0,23301.0
K,17,31505.0,32096.0,31898.0,32579.0,33019.0,32598.0,31495.0,31354.0,30586.0,30198.0,29932.0,29685.0,28528.0,27668.0,27436.0,26782.0,27986.0,25241.0,26888.0,26914.0,26144.0,25983.0,25877.0,25397.0,25224.0,25053.0,24733.0,24368.0,24443.0,24163.0,23924.0,23773.0,23659.0,23589.0,23377.0,23384.0
K,18,31573.0,31499.0,32088.0,31893.0,32569.0,33013.0,32588.0,31490.0,31352.0,30578.0,30192.0,29927.0,29676.0,28519.0,27665.0,27430.0,26779.0,27982.0,25239.0,26885.0,26913.0,26140.0,25982.0,25874.0,25393.0,25223.0,25053.0,24733.0,24368.0,24442.0,24163.0,23924.0,23773.0,23657.0,23588.0,23377.0
K,19,31441.0,31565.0,31493.0,32083.0,31888.0,32561.0,33007.0,32583.0,31484.0,31344.0,30573.0,30185.0,29923.0,29673.0,28514.0,27661.0,27429.0,26776.0,27979.0,25238.0,26883.0,26913.0,26139.0,25981.0,25873.0,25392.0,25223.0,25053.0,24733.0,24368.0,24442.0,24162.0,23924.0,23773.0,23655.0,23587.0
K,20,31111.0,31432.0,31556.0,31481.0,32072.0,31881.0,32556.0,32999.0,32576.0,31479.0,31337.0,30568.0,30183.0,29916.0,29666.0,28512.0,27657.0,27427.0,26773.0,27978.0,25234.0,26881.0,26912.0,26139.0,25980.0,25872.0,25389.0,25223.0,25050.0,24733.0,24368.0,24440.0,24161.0,23924.0,23771.0,23655.0
K,21,31588.0,31103.0,31426.0,31550.0,31471.0,32070.0,31877.0,32553.0,32992.0,32563.0,31470.0,31329.0,30563.0,30182.0,29912.0,29663.0,28507.0,27655.0,27424.0,26770.0,27975.0,25232.0,26878.0,26910.0,26138.0,25979.0,25871.0,25387.0,25223.0,25049.0,24731.0,24368.0,24439.0,24160.0,23924.0,23771.0
K,22,32878.0,31581.0,31093.0,31418.0,31541.0,31457.0,32060.0,31867.0,32545.0,32986.0,32557.0,31467.0,31322.0,30557.0,30177.0,29905.0,29657.0,28506.0,27654.0,27418.0,26769.0,27974.0,25229.0,26876.0,26909.0,26138.0,25976.0,25870.0,25384.0,25222.0,25048.0,24731.0,24366.0,24438.0,24160.0,23923.0
K,23,33088.0,32869.0,31573.0,31085.0,31414.0,31529.0,31450.0,32047.0,31857.0,32538.0,32980.0,32548.0,31465.0,31317.0,30556.0,30173.0,29901.0,29651.0,28505.0,27647.0,27415.0,26765.0,27974.0,25229.0,26874.0,26908.0,26137.0,25976.0,25869.0,25384.0,25222.0,25046.0,24731.0,24365.0,24438.0,24160.0
K,24,33364.0,33080.0,32861.0,31561.0,31073.0,31405.0,31525.0,31440.0,32034.0,31853.0,32532.0,32971.0,32541.0,31458.0,31313.0,30548.0,30169.0,29893.0,29646.0,28502.0,27644.0,27413.0,26763.0,27973.0,25227.0,26872.0,26907.0,26136.0,25975.0,25869.0,25382.0,25221.0,25045.0,24731.0,24365.0,24438.0
K,25,34378.0,33353.0,33065.0,32853.0,31554.0,31062.0,31395.0,31512.0,31434.0,32025.0,31847.0,32526.0,32966.0,32533.0,31453.0,31308.0,30542.0,30165.0,29890.0,29640.0,28499.0,27638.0,27410.0,26760.0,27971.0,25227.0,26872.0,26905.0,26136.0,25972.0,25868.0,25380.0,25220.0,25045.0,24731.0,24364.0
K,26,35747.0,34366.0,33336.0,33050.0,32844.0,31543.0,31049.0,31386.0,31497.0,31424.0,32017.0,31837.0,32517.0,32960.0,32527.0,31447.0,31302.0,30533.0,30156.0,29884.0,29636.0,28495.0,27636.0,27408.0,26758.0,27971.0,25225.0,26872.0,26905.0,26134.0,25972.0,25865.0,25380.0,25220.0,25045.0,24730.0
K,27,35920.0,35739.0,34359.0,33325.0,33039.0,32829.0,31537.0,31039.0,31372.0,31490.0,31417.0,32006.0,31830.0,32509.0,32954.0,32519.0,31443.0,31295.0,30528.0,30154.0,29880.0,29631.0,28488.0,27635.0,27402.0,26757.0,27970.0,25222.0,26869.0,26904.0,26134.0,25972.0,25865.0,25380.0,25219.0,25044.0
K,28,36385.0,35906.0,35728.0,34342.0,33309.0,33022.0,32819.0,31531.0,31030.0,31363.0,31483.0,31412.0,31994.0,31819.0,32502.0,32949.0,32515.0,31439.0,31289.0,30525.0,30150.0,29876.0,29627.0,28486.0,27632.0,27401.0,26756.0,27970.0,25221.0,26869.0,26902.0,26132.0,25971.0,25862.0,25379.0,25218.0
K,29,36994.0,36368.0,35897.0,35716.0,34328.0,33301.0,33009.0,32811.0,31513.0,31020.0,31360.0,31473.0,31400.0,31988.0,31815.0,32496.0,32945.0,32506.0,31433.0,31284.0,30523.0,30147.0,29874.0,29627.0,28484.0,27629.0,27401.0,26755.0,27969.0,25221.0,26867.0,26901.0,26132.0,25970.0,25862.0,25379.0
K,30,37694.0,36985.0,36355.0,35888.0,35704.0,34314.0,33288.0,32998.0,32804.0,31504.0,31011.0,31354.0,31460.0,31398.0,31984.0,31808.0,32486.0,32939.0,32503.0,31432.0,31282.0,30519.0,30146.0,29872.0,29623.0,28482.0,27626.0,27400.0,26753.0,27969.0,25220.0,26867.0,26901.0,26132.0,25970.0,25861.0
K,31,38587.0,37678.0,36968.0,36341.0,35873.0,35689.0,34300.0,33279.0,32989.0,32794.0,31493.0,31002.0,31348.0,31452.0,31394.0,31980.0,31804.0,32480.0,32932.0,32499.0,31430.0,31277.0,30514.0,30145.0,29870.0,29618.0,28480.0,27625.0,27398.0,26752.0,27969.0,25219.0,26864.0,26900.0,26132.0,25969.0
K,32,39395.0,38577.0,37669.0,36958.0,36328.0,35858.0,35680.0,34291.0,33268.0,32986.0,32782.0,31488.0,30992.0,31341.0,31443.0,31387.0,31975.0,31799.0,32477.0,32928.0,32497.0,31427.0,31272.0,30511.0,30143.0,29867.0,29618.0,28475.0,27622.0,27398.0,26748.0,27968.0,25218.0,26864.0,26897.0,26131.0
K,33,38889.0,39379.0,38566.0,37655.0,36948.0,36315.0,35843.0,35669.0,34277.0,33251.0,32977.0,32773.0,31477.0,30987.0,31339.0,31431.0,31382.0,31974.0,31791.0,32473.0,32926.0,32494.0,31423.0,31269.0,30508.0,30141.0,29867.0,29616.0,28474.0,27621.0,27396.0,26746.0,27967.0,25217.0,26864.0,26896.0
K,34,38601.0,38879.0,39371.0,38551.0,37646.0,36931.0,36306.0,35830.0,35657.0,34264.0,33246.0,32965.0,32768.0,31472.0,30985.0,31335.0,31427.0,31375.0,31964.0,31788.0,32469.0,32922.0,32487.0,31417.0,31267.0,30506.0,30140.0,29867.0,29613.0,28473.0,27619.0,27396.0,26743.0,27967.0,25217.0,26863.0
K,35,37403.0,38579.0,38856.0,39350.0,38530.0,37629.0,36911.0,36292.0,35814.0,35635.0,34250.0,33234.0,32952.0,32758.0,31462.0,30975.0,31329.0,31414.0,31364.0,31960.0,31779.0,32462.0,32915.0,32484.0,31411.0,31266.0,30503.0,30139.0,29866.0,29613.0,28469.0,27618.0,27394.0,26741.0,27966.0,25217.0
K,36,36743.0,37388.0,38562.0,38823.0,39327.0,38507.0,37610.0,36892.0,36281.0,35803.0,35625.0,34236.0,33221.0,32932.0,32749.0,31450.0,30965.0,31327.0,31407.0,31353.0,31954.0,31774.0,32460.0,32905.0,32481.0,31410.0,31259.0,30500.0,30139.0,29865.0,29611.0,28469.0,27618.0,27393.0,26739.0,27963.0
K,37,36160.0,36728.0,37359.0,38547.0,38810.0,39304.0,38488.0,37597.0,36877.0,36258.0,35790.0,35615.0,34227.0,33210.0,32919.0,32740.0,31443.0,30958.0,31323.0,31402.0,31345.0,31951.0,31770.0,32452.0,32899.0,32479.0,31409.0,31253.0,30500.0,30139.0,29862.0,29609.0,28468.0,27616.0,27392.0,26735.0
K,38,35848.0,36147.0,36708.0,37341.0,38527.0,38783.0,39285.0,38466.0,37582.0,36868.0,36239.0,35775.0,35598.0,34216.0,33202.0,32913.0,32732.0,31434.0,30953.0,31317.0,31396.0,31339.0,31947.0,31764.0,32448.0,32895.0,32470.0,31409.0,31246.0,30499.0,30134.0,29860.0,29608.0,28466.0,27616.0,27390.0
K,39,35243.0,35839.0,36132.0,36693.0,37327.0,38502.0,38757.0,39267.0,38446.0,37569.0,36846.0,36228.0,35761.0,35586.0,34205.0,33197.0,32903.0,32728.0,31432.0,30949.0,31314.0,31392.0,31337.0,31943.0,31759.0,32446.0,32889.0,32463.0,31409.0,31245.0,30497.0,30134.0,29859.0,29608.0,28465.0,27613.0
K,40,35525.0,35233.0,35821.0,36106.0,36661.0,37311.0,38487.0,38733.0,39242.0,38418.0,37543.0,36827.0,36211.0,35746.0,35572.0,34187.0,33182.0,32895.0,32719.0,31422.0,30943.0,31307.0,31389.0,31328.0,31939.0,31754.0,32443.0,32887.0,32461.0,31405.0,31244.0,30493.0,30132.0,29859.0,29606.0,28462.0
K,41,34990.0,35501.0,35218.0,35799.0,36080.0,36621.0,37293.0,38452.0,38710.0,39213.0,38388.0,37516.0,36814.0,36195.0,35729.0,35563.0,34163.0,33175.0,32887.0,32712.0,31416.0,30937.0,31299.0,31387.0,31326.0,31935.0,31744.0,32439.0,32880.0,32457.0,31399.0,31242.0,30492.0,30131.0,29857.0,29602.0
K,42,35089.0,34965.0,35474.0,35187.0,35773.0,36064.0,36587.0,37263.0,38425.0,38693.0,39193.0,38370.0,37502.0,36796.0,36182.0,35715.0,35549.0,34155.0,33170.0,32881.0,32708.0,31407.0,30929.0,31293.0,31385.0,31321.0,31930.0,31744.0,32435.0,32878.0,32457.0,31397.0,31237.0,30490.0,30127.0,29854.0
K,43,34563.0,35066.0,34931.0,35447.0,35161.0,35751.0,36038.0,36557.0,37242.0,38406.0,38679.0,39172.0,38353.0,37482.0,36773.0,36170.0,35708.0,35541.0,34146.0,33162.0,32865.0,32702.0,31402.0,30927.0,31287.0,31382.0,31319.0,31925.0,31739.0,32432.0,32873.0,32456.0,31393.0,31235.0,30488.0,30126.0
K,44,34236.0,34542.0,35043.0,34911.0,35419.0,35144.0,35721.0,36014.0,36535.0,37223.0,38386.0,38659.0,39152.0,38332.0,37470.0,36755.0,36161.0,35695.0,35533.0,34136.0,33153.0,32858.0,32696.0,31392.0,30924.0,31279.0,31379.0,31314.0,31923.0,31735.0,32430.0,32873.0,32453.0,31390.0,31234.0,30486.0
K,45,33520.0,34206.0,34509.0,35004.0,34878.0,35384.0,35105.0,35692.0,35985.0,36501.0,37190.0,38354.0,38625.0,39126.0,38311.0,37456.0,36732.0,36151.0,35683.0,35522.0,34123.0,33142.0,32848.0,32684.0,31379.0,30916.0,31273.0,31373.0,31311.0,31918.0,31733.0,32427.0,32870.0,32449.0,31387.0,31228.0
K,46,34033.0,33491.0,34164.0,34470.0,34966.0,34841.0,35344.0,35063.0,35655.0,35960.0,36471.0,37162.0,38329.0,38593.0,39102.0,38285.0,37433.0,36711.0,36128.0,35670.0,35514.0,34117.0,33132.0,32836.0,32673.0,31374.0,30912.0,31269.0,31369.0,31306.0,31913.0,31730.0,32421.0,32863.0,32444.0,31385.0
K,47,35177.0,34009.0,33467.0,34137.0,34429.0,34932.0,34807.0,35312.0,35034.0,35630.0,35930.0,36442.0,37132.0,38301.0,38569.0,39077.0,38262.0,37416.0,36691.0,36108.0,35656.0,35494.0,34106.0,33128.0,32826.0,32667.0,31367.0,30908.0,31267.0,31362.0,31302.0,31911.0,31728.0,32416.0,32858.0,32441.0
K,48,36600.0,35145.0,33975.0,33435.0,34099.0,34393.0,34910.0,34785.0,35275.0,35005.0,35601.0,35896.0,36419.0,37105.0,38274.0,38553.0,39057.0,38243.0,37400.0,36672.0,36096.0,35644.0,35487.0,34091.0,33123.0,32823.0,32661.0,31359.0,30907.0,31264.0,31357.0,31296.0,31906.0,31722.0,32412.0,32855.0
K,49,36215.0,36565.0,35119.0,33938.0,33391.0,34061.0,34358.0,34880.0,34755.0,35249.0,34983.0,35574.0,35877.0,36398.0,37078.0,38253.0,38530.0,39038.0,38233.0,37377.0,36657.0,36085.0,35641.0,35481.0,34079.0,33117.0,32819.0,32659.0,31355.0,30900.0,31258.0,31351.0,31294.0,31903.0,31719.0,32411.0
K,50,37446.0,36176.0,36496.0,35051.0,33880.0,33337.0,33994.0,34305.0,34837.0,34714.0,35204.0,34937.0,35524.0,35819.0,36361.0,37043.0,38225.0,38498.0,39011.0,38204.0,37365.0,36645.0,36072.0,35628.0,35466.0,34069.0,33107.0,32810.0,32654.0,31348.0,30889.0,31254.0,31343.0,31288.0,31894.0,31712.0
K,51,37536.0,37383.0,36115.0,36435.0,34985.0,33818.0,33283.0,33944.0,34260.0,34796.0,34665.0,35162.0,34902.0,35488.0,35783.0,36331.0,37014.0,38199.0,38463.0,38991.0,38183.0,37343.0,36622.0,36060.0,35610.0,35455.0,34059.0,33100.0,32806.0,32653.0,31342.0,30883.0,31247.0,31336.0,31283.0,31886.0
K,52,37024.0,37478.0,37325.0,36059.0,36386.0,34937.0,33764.0,33234.0,33905.0,34208.0,34750.0,34629.0,35128.0,34854.0,35445.0,35747.0,36303.0,36992.0,38177.0,38443.0,38963.0,38166.0,37322.0,36612.0,36051.0,35597.0,35444.0,34057.0,33091.0,32800.0,32644.0,31338.0,30878.0,31239.0,31326.0,31280.0
K,53,37660.0,36975.0,37414.0,37259.0,35993.0,36316.0,34886.0,33708.0,33186.0,33856.0,34145.0,34704.0,34582.0,35088.0,34823.0,35422.0,35719.0,36271.0,36968.0,38164.0,38427.0,38938.0,38143.0,37304.0,36596.0,36039.0,35590.0,35438.0,34053.0,33077.0,32797.0,32637.0,31332.0,30870.0,31234.0,31321.0
K,54,37209.0,37587.0,36898.0,37355.0,37201.0,35929.0,36270.0,34829.0,33660.0,33145.0,33805.0,34100.0,34668.0,34555.0,35044.0,34797.0,35394.0,35692.0,36242.0,36939.0,38137.0,38413.0,38912.0,38115.0,37285.0,36590.0,36026.0,35584.0,35429.0,34046.0,33070.0,32796.0,32629.0,31323.0,30866.0,31227.0
K,55,36217.0,37122.0,37488.0,36794.0,37269.0,37111.0,35820.0,36190.0,34757.0,33596.0,33068.0,33748.0,34039.0,34610.0,34511.0,34987.0,34759.0,35353.0,35651.0,36218.0,36907.0,38109.0,38372.0,38886.0,38087.0,37268.0,36577.0,36013.0,35572.0,35411.0,34035.0,33056.0,32782.0,32624.0,31315.0,30859.0
K,56,35480.0,36139.0,37019.0,37381.0,36693.0,37176.0,37007.0,35743.0,36109.0,34677.0,33527.0,33002.0,33679.0,33989.0,34558.0,34464.0,34939.0,34720.0,35309.0,35621.0,36178.0,36872.0,38075.0,38352.0,38862.0,38060.0,37240.0,36563.0,36001.0,35557.0,35405.0,34022.0,33045.0,32775.0,32610.0,31306.0
K,57,34879.0,35407.0,36051.0,36934.0,37289.0,36607.0,37066.0,36904.0,35667.0,36033.0,34618.0,33462.0,32934.0,33620.0,33938.0,34503.0,34430.0,34902.0,34684.0,35280.0,35585.0,36151.0,36838.0,38051.0,38331.0,38847.0,38040.0,37223.0,36546.0,35985.0,35550.0,35394.0,34010.0,33031.0,32764.0,32602.0
K,58,34275.0,34786.0,35317.0,35973.0,36847.0,37177.0,36523.0,36991.0,36819.0,35603.0,35958.0,34543.0,33395.0,32869.0,33572.0,33896.0,34459.0,34396.0,34867.0,34646.0,35250.0,35557.0,36121.0,36818.0,38028.0,38314.0,38825.0,38022.0,37208.0,36527.0,35974.0,35544.0,35381.0,33999.0,33024.0,32758.0
K,59,33194.0,34196.0,34697.0,35228.0,35877.0,36767.0,37083.0,36437.0,36900.0,36760.0,35535.0,35886.0,34478.0,33343.0,32823.0,33527.0,33855.0,34417.0,34356.0,34827.0,34614.0,35229.0,35520.0,36101.0,36790.0,38010.0,38301.0,38804.0,38004.0,37196.0,36516.0,35969.0,35536.0,35368.0,33988.0,33010.0
K,60,32018.0,33069.0,34042.0,34530.0,35081.0,35744.0,36609.0,36928.0,36294.0,36734.0,36632.0,35408.0,35772.0,34404.0,33264.0,32750.0,33448.0,33797.0,34356.0,34296.0,34775.0,34565.0,35183.0,35479.0,36067.0,36756.0,37982.0,38273.0,38784.0,37982.0,37180.0,36493.0,35946.0,35518.0,35355.0,33975.0
K,61,31506.0,31911.0,32921.0,33913.0,34378.0,34943.0,35596.0,36472.0,36798.0,36159.0,36605.0,36524.0,35295.0,35677.0,34306.0,33177.0,32678.0,33384.0,33738.0,34289.0,34254.0,34731.0,34514.0,35133.0,35442.0,36031.0,36734.0,37951.0,38244.0,38761.0,37962.0,37166.0,36472.0,35918.0,35499.0,35336.0
K,62,31028.0,31375.0,31771.0,32781.0,33790.0,34228.0,34804.0,35480.0,36362.0,36659.0,36052.0,36490.0,36437.0,35207.0,35583.0,34224.0,33115.0,32622.0,33322.0,33679.0,34237.0,34207.0,34690.0,34475.0,35085.0,35412.0,35998.0,36716.0,37933.0,38229.0,38736.0,37943.0,37142.0,36458.0,35897.0,35480.0
K,63,30842.0,30908.0,31238.0,31645.0,32649.0,33639.0,34067.0,34669.0,35351.0,36249.0,36526.0,35907.0,36389.0,36341.0,35106.0,35501.0,34154.0,33052.0,32562.0,33266.0,33634.0,34192.0,34161.0,34643.0,34429.0,35057.0,35392.0,35979.0,36690.0,37913.0,38200.0,38722.0,37922.0,37125.0,36440.0,35883.0
K,64,30683.0,30712.0,30770.0,31098.0,31506.0,32498.0,33502.0,33939.0,34544.0,35228.0,36141.0,36393.0,35787.0,36281.0,36260.0,35031.0,35429.0,34081.0,32992.0,32522.0,33204.0,33595.0,34146.0,34125.0,34618.0,34402.0,35024.0,35368.0,35954.0,36664.0,37898.0,38182.0,38708.0,37904.0,37105.0,36415.0
K,65,29874.0,30482.0,30475.0,30562.0,30855.0,31278.0,32252.0,33287.0,33711.0,34322.0,35000.0,35933.0,36185.0,35635.0,36147.0,36117.0,34912.0,35302.0,33965.0,32909.0,32440.0,33125.0,33531.0,34072.0,34068.0,34567.0,34357.0,34989.0,35340.0,35920.0,36629.0,37848.0,38142.0,38667.0,37875.0,37075.0
K,66,30085.0,29682.0,30266.0,30256.0,30338.0,30615.0,31036.0,32018.0,33065.0,33494.0,34120.0,34792.0,35745.0,36014.0,35483.0,35993.0,36008.0,34800.0,35186.0,33875.0,32814.0,32372.0,33050.0,33477.0,34006.0,34011.0,34528.0,34305.0,34953.0,35305.0,35898.0,36591.0,37816.0,38111.0,38634.0,37844.0
K,67,29117.0,29865.0,29445.0,30064.0,30034.0,30128.0,30384.0,30812.0,31802.0,32830.0,33298.0,33904.0,34601.0,35578.0,35864.0,35341.0,35857.0,35875.0,34689.0,35094.0,33777.0,32735.0,32311.0,32977.0,33416.0,33957.0,33968.0,34485.0,34264.0,34927.0,35276.0,35869.0,36561.0,37790.0,38081.0,38615.0
K,68,28485.0,28953.0,29641.0,29229.0,29855.0,29795.0,29905.0,30145.0,30623.0,31604.0,32613.0,33111.0,33743.0,34426.0,35395.0,35727.0,35221.0,35740.0,35758.0,34588.0,34995.0,33704.0,32654.0,32245.0,32914.0,33361.0,33921.0,33930.0,34456.0,34224.0,34897.0,35248.0,35839.0,36528.0,37765.0,38052.0
K,69,27981.0,28296.0,28740.0,29406.0,28996.0,29653.0,29571.0,29699.0,29909.0,30415.0,31399.0,32408.0,32939.0,33557.0,34249.0,35257.0,35601.0,35099.0,35617.0,35619.0,34493.0,34903.0,33619.0,32573.0,32181.0,32858.0,33324.0,33885.0,33884.0,34426.0,34196.0,34873.0,35210.0,35802.0,36498.0,37740.0
K,70,27198.0,27688.0,27971.0,28378.0,29030.0,28653.0,29290.0,29253.0,29363.0,29600.0,30118.0,31096.0,32155.0,32658.0,33316.0,34017.0,35073.0,35396.0,34883.0,35446.0,35448.0,34336.0,34780.0,33510.0,32479.0,32097.0,32790.0,33268.0,33829.0,33837.0,34376.0,34136.0,34828.0,35166.0,35743.0,36446.0
K,71,25526.0,26902.0,27361.0,27622.0,28017.0,28651.0,28323.0,28928.0,28942.0,29065.0,29299.0,29823.0,30821.0,31890.0,32427.0,33081.0,33816.0,34881.0,35216.0,34704.0,35313.0,35288.0,34228.0,34668.0,33418.0,32378.0,32035.0,32735.0,33205.0,33779.0,33775.0,34315.0,34096.0,34778.0,35115.0,35682.0
K,72,25882.0,25261.0,26581.0,26993.0,27305.0,27643.0,28318.0,27969.0,28608.0,28629.0,28767.0,29018.0,29563.0,30593.0,31666.0,32214.0,32857.0,33640.0,34690.0,35028.0,34539.0,35152.0,35133.0,34114.0,34568.0,33338.0,32304.0,31982.0,32685.0,33160.0,33729.0,33725.0,34271.0,34051.0,34737.0,35069.0
K,73,25567.0,25594.0,24968.0,26240.0,26648.0,26973.0,27334.0,27994.0,27666.0,28332.0,28367.0,28481.0,28746.0,29338.0,30377.0,31485.0,32000.0,32672.0,33455.0,34512.0,34882.0,34399.0,35013.0,35022.0,34001.0,34495.0,33267.0,32250.0,31936.0,32631.0,33107.0,33687.0,33685.0,34222.0,34007.0,34702.0
K,74,25427.0,25295.0,25304.0,24617.0,25923.0,26319.0,26634.0,27016.0,27679.0,27398.0,28030.0,28116.0,28220.0,28504.0,29118.0,30193.0,31317.0,31812.0,32490.0,33310.0,34351.0,34731.0,34277.0,34903.0,34930.0,33902.0,34399.0,33213.0,32197.0,31889.0,32588.0,33061.0,33636.0,33640.0,34177.0,33958.0
K,75,25805.0,24943.0,24747.0,24754.0,24092.0,25350.0,25752.0,26089.0,26458.0,27141.0,26957.0,27560.0,27712.0,27806.0,28078.0,28781.0,29865.0,31013.0,31495.0,32213.0,33047.0,34095.0,34501.0,34094.0,34725.0,34776.0,33780.0,34264.0,33109.0,32093.0,31808.0,32518.0,32986.0,33535.0,33554.0,34098.0
K,76,26208.0,25321.0,24442.0,24232.0,24190.0,23592.0,24792.0,25178.0,25565.0,25997.0,26666.0,26502.0,27088.0,27321.0,27491.0,27716.0,28460.0,29566.0,30749.0,31220.0,31979.0,32807.0,33882.0,34289.0,33916.0,34560.0,34640.0,33684.0,34135.0,33009.0,32010.0,31721.0,32430.0,32892.0,33465.0,33480.0
K,77,23006.0,25674.0,24728.0,23914.0,23674.0,23627.0,23100.0,24277.0,24654.0,25087.0,25524.0,26209.0,26108.0,26706.0,26965.0,27195.0,27410.0,28204.0,29275.0,30465.0,30991.0,31743.0,32599.0,33655.0,34107.0,33758.0,34407.0,34533.0,33582.0,34029.0,32913.0,31923.0,31641.0,32349.0,32800.0,33376.0
K,78,21550.0,22548.0,25110.0,24211.0,23406.0,23154.0,23131.0,22619.0,23817.0,24182.0,24656.0,25107.0,25804.0,25739.0,26348.0,26646.0,26872.0,27150.0,27933.0,29003.0,30210.0,30769.0,31516.0,32409.0,33485.0,33931.0,33610.0,34282.0,34435.0,33480.0,33930.0,32845.0,31836.0,31564.0,32272.0,32722.0
K,79,18625.0,21120.0,22084.0,24560.0,23664.0,22873.0,22696.0,22643.0,22137.0,23360.0,23761.0,24249.0,24723.0,25438.0,25388.0,26039.0,26355.0,26587.0,26885.0,27691.0,28791.0,30002.0,30574.0,31299.0,32255.0,33335.0,33803.0,33479.0,34185.0,34333.0,33390.0,33835.0,32757.0,31764.0,31481.0,32186.0
K,80,16927.0,17977.0,20309.0,21204.0,23569.0,22746.0,21977.0,21831.0,21872.0,21416.0,22674.0,23076.0,23566.0,24100.0,24871.0,24840.0,25528.0,25894.0,26130.0,26493.0,27313.0,28370.0,29608.0,30215.0,31001.0,31984.0,33114.0,33608.0,33300.0,34022.0,34150.0,33227.0,33697.0,32613.0,31642.0,31313.0
K,81,14386.0,16316.0,17315.0,19517.0,20369.0,22650.0,21923.0,21240.0,21062.0,21139.0,20698.0,21973.0,22389.0,22993.0,23513.0,24379.0,24366.0,25066.0,25457.0,25723.0,26083.0,26951.0,28019.0,29262.0,29915.0,30759.0,31779.0,32926.0,33435.0,33142.0,33843.0,33970.0,33072.0,33536.0,32473.0,31507.0
K,82,14292.0,13904.0,15693.0,16689.0,18745.0,19569.0,21793.0,21187.0,20504.0,20322.0,20459.0,20083.0,21367.0,21806.0,22441.0,22982.0,23910.0,23967.0,24680.0,25080.0,25373.0,25710.0,26597.0,27689.0,28974.0,29680.0,30544.0,31604.0,32756.0,33266.0,32976.0,33660.0,33785.0,32929.0,33400.0,32340.0
K,83,13203.0,13802.0,13367.0,15055.0,16011.0,17989.0,18831.0,21014.0,20483.0,19823.0,19701.0,19804.0,19475.0,20786.0,21295.0,21959.0,22530.0,23487.0,23576.0,24297.0,24696.0,25051.0,25401.0,26316.0,27429.0,28731.0,29486.0,30354.0,31419.0,32608.0,33071.0,32809.0,33483.0,33631.0,32768.0,33258.0
K,84,12100.0,12732.0,13295.0,12845.0,14463.0,15363.0,17331.0,18131.0,20270.0,19803.0,19194.0,19176.0,19251.0,18952.0,20294.0,20831.0,21535.0,22122.0,23106.0,23202.0,23915.0,24366.0,24761.0,25133.0,26056.0,27207.0,28526.0,29308.0,30200.0,31281.0,32463.0,32917.0,32671.0,33343.0,33507.0,32629.0
K,85,10731.0,11296.0,11798.0,12265.0,11853.0,13407.0,14212.0,16099.0,16925.0,18920.0,18590.0,18149.0,18156.0,18334.0,18079.0,19443.0,19992.0,20775.0,21368.0,22428.0,22515.0,23312.0,23755.0,24246.0,24608.0,25618.0,26813.0,28202.0,29011.0,29898.0,31023.0,32162.0,32620.0,32364.0,33050.0,33216.0
K,86,9731.0,9998.0,10491.0,10856.0,11320.0,10963.0,12419.0,13236.0,14963.0,15775.0,17766.0,17523.0,17138.0,17251.0,17525.0,17309.0,18679.0,19273.0,20077.0,20715.0,21777.0,21930.0,22744.0,23233.0,23833.0,24214.0,25245.0,26504.0,27915.0,28744.0,29618.0,30736.0,31878.0,32327.0,32069.0,32787.0
K,87,8566.0,9050.0,9292.0,9684.0,10020.0,10431.0,10124.0,11545.0,12355.0,14002.0,14843.0,16662.0,16613.0,16259.0,16485.0,16820.0,16644.0,18052.0,18693.0,19462.0,20114.0,21228.0,21404.0,22266.0,22794.0,23430.0,23878.0,24966.0,26245.0,27651.0,28481.0,29327.0,30434.0,31580.0,32060.0,31799.0
K,88,7676.0,7999.0,8388.0,8609.0,8936.0,9292.0,9596.0,9355.0,10745.0,11580.0,13108.0,14011.0,15761.0,15816.0,15499.0,15744.0,16183.0,16043.0,17404.0,18141.0,18955.0,19561.0,20747.0,20970.0,21843.0,22412.0,23128.0,23638.0,24709.0,25981.0,27376.0,28215.0,29076.0,30173.0,31289.0,31786.0
K,89,6899.0,7175.0,7445.0,7745.0,7974.0,8228.0,8608.0,8924.0,8716.0,10020.0,10830.0,12354.0,13252.0,14967.0,15075.0,14835.0,15122.0,15590.0,15510.0,16876.0,17624.0,18501.0,19071.0,20295.0,20602.0,21455.0,22117.0,22865.0,23394.0,24450.0,25717.0,27123.0,27950.0,28813.0,29923.0,31017.0
K,90,6430.0,5899.0,6008.0,6209.0,6435.0,6673.0,6869.0,7213.0,7588.0,7485.0,8608.0,9466.0,10894.0,11782.0,13472.0,13678.0,13576.0,13929.0,14474.0,14436.0,15759.0,16534.0,17488.0,18177.0,19412.0,19787.0,20798.0,21523.0,22301.0,22855.0,23926.0,25172.0,26565.0,27395.0,28233.0,29332.0
K,91,5648.0,4120.0,3715.0,3725.0,3907.0,4080.0,4225.0,4345.0,4606.0,4821.0,4862.0,5616.0,6282.0,7333.0,7946.0,9236.0,9427.0,9328.0,9810.0,10156.0,10206.0,11158.0,11704.0,12514.0,13022.0,14024.0,14371.0,15091.0,15625.0,16280.0,16705.0,17594.0,18430.0,19355.0,20130.0,20780.0
K,92,4751.0,3681.0,2616.0,2272.0,2351.0,2363.0,2542.0,2680.0,2824.0,2975.0,3117.0,3162.0,3668.0,4169.0,4839.0,5413.0,6306.0,6421.0,6425.0,6884.0,7122.0,7154.0,7847.0,8301.0,9023.0,9342.0,10103.0,10556.0,11016.0,11458.0,11880.0,12200.0,12875.0,13611.0,14188.0,14871.0
K,93,3747.0,3011.0,2293.0,1664.0,1408.0,1447.0,1522.0,1644.0,1717.0,1810.0,1942.0,2018.0,2088.0,2453.0,2858.0,3310.0,3716.0,4319.0,4495.0,4523.0,4853.0,5009.0,5067.0,5563.0,5971.0,6535.0,6802.0,7477.0,7825.0,8037.0,8401.0,8643.0,8962.0,9487.0,10120.0,10458.0
K,94,3013.0,2397.0,1902.0,1475.0,1033.0,865.0,911.0,973.0,1065.0,1105.0,1188.0,1270.0,1334.0,1365.0,1615.0,1902.0,2265.0,2629.0,2996.0,3181.0,3154.0,3430.0,3561.0,3598.0,3998.0,4338.0,4738.0,4918.0,5483.0,5755.0,5815.0,6145.0,6246.0,6575.0,6942.0,7452.0
K,95,2297.0,1623.0,1253.0,985.0,743.0,507.0,463.0,487.0,512.0,594.0,620.0,659.0,740.0,758.0,799.0,950.0,1191.0,1439.0,1679.0,1960.0,2072.0,2125.0,2264.0,2354.0,2474.0,2771.0,3046.0,3390.0,3543.0,3869.0,4091.0,4116.0,4419.0,4419.0,4708.0,4949.0
K,96,1797.0,1275.0,823.0,623.0,492.0,371.0,257.0,242.0,257.0,284.0,326.0,369.0,356.0,418.0,444.0,462.0,587.0,768.0,945.0,1072.0,1239.0,1379.0,1440.0,1550.0,1597.0,1717.0,1974.0,2148.0,2412.0,2527.0,2758.0,2920.0,2947.0,3158.0,3116.0,3346.0
K,97,1313.0,933.0,670.0,421.0,309.0,245.0,172.0,133.0,126.0,147.0,162.0,187.0,206.0,214.0,248.0,258.0,266.0,369.0,505.0,608.0,704.0,822.0,905.0,1003.0,1020.0,1106.0,1199.0,1381.0,1481.0,1753.0,1804.0,1930.0,2052.0,2104.0,2243.0,2215.0
K,98,991.0,711.0,496.0,327.0,217.0,152.0,126.0,96.0,71.0,62.0,71.0,90.0,100.0,113.0,133.0,142.0,171.0,163.0,236.0,335.0,392.0,466.0,550.0,624.0,681.0,700.0,776.0,855.0,998.0,1051.0,1259.0,1283.0,1392.0,1481.0,1484.0,1618.0
K,99,597.0,518.0,358.0,253.0,181.0,119.0,85.0,58.0,53.0,38.0,38.0,43.0,51.0,61.0,72.0,87.0,86.0,115.0,94.0,161.0,218.0,250.0,310.0,366.0,441.0,450.0,491.0,550.0,611.0,712.0,758.0,896.0,940.0,975.0,1061.0,1056.0
K,100,423.0,234.0,209.0,129.0,95.0,68.0,38.0,37.0,19.0,27.0,16.0,17.0,22.0,23.0,28.0,33.0,41.0,50.0,61.0,53.0,86.0,131.0,174.0,199.0,234.0,299.0,296.0,329.0,367.0,434.0,503.0,557.0,639.0,674.0,709.0,780.0
K,101,256.0,81.0,48.0,41.0,21.0,15.0,14.0,6.0,9.0,5.0,4.0,2.0,6.0,7.0,7.0,10.0,13.0,6.0,13.0,15.0,18.0,26.0,37.0,57.0,67.0,81.0,113.0,107.0,107.0,125.0,136.0,168.0,187.0,228.0,235.0,263.0
K,102,164.0,53.0,20.0,11.0,8.0,5.0,4.0,1.0,1.0,3.0,1.0,,1.0,1.0,3.0,2.0,2.0,4.0,2.0,6.0,8.0,4.0,12.0,10.0,18.0,20.0,26.0,38.0,36.0,41.0,52.0,49.0,67.0,67.0,84.0,86.0
K,103,82.0,43.0,12.0,5.0,4.0,3.0,2.0,1.0,,,2.0,1.0,,,,,2.0,,2.0,1.0,2.0,2.0,,5.0,5.0,5.0,6.0,12.0,13.0,14.0,19.0,17.0,15.0,22.0,21.0,29.0
K,104,39.0,21.0,10.0,2.0,,1.0,1.0,,1.0,,,,1.0,,,,,2.0,,1.0,,1.0,1.0,,1.0,1.0,2.0,1.0,2.0,3.0,3.0,12.0,8.0,5.0,6.0,7.0
K,105,76.0,11.0,3.0,3.0,1.0,,,,,,,,,1.0,,,,,1.0,,,,,1.0,,1.0,,,,1.0,2.0,1.0,1.0,3.0,2.0,3.0
K,106,,17.0,2.0,2.0,,,,,,,,,,,,,,,,1.0,,,,,,,,,,,1.0,,,1.0,1.0,1.0
K,107,,,3.0,1.0,1.0,,,,,,,,,,,,,,,,1.0,,,,,,,,,,,1.0,,,,1.0
K,108,,,,,1.0,,,,,,,,,,,,,,,,,,,,,,,,,,,,,,,
K,109,,,,,,1.0,,,,,,,,,,,,,,,,,,,,,,,,,,,,,,
M,0,26681.0,26870.0,26429.0,26471.0,26150.0,25855.0,25636.0,25250.0,24795.0,24661.0,24453.0,24139.0,23985.0,24035.0,23734.0,23629.0,23544.0,23638.0,23393.0,23138.0,22889.0,22740.0,22630.0,22341.0,21898.0,21861.0,21565.0,21039.0,20909.0,20714.0,20168.0,20311.0,19940.0,19668.0,19414.0,19213.0
M,1,29378.0,26676.0,26861.0,26418.0,26459.0,26144.0,25846.0,25624.0,25246.0,24788.0,24652.0,24449.0,24127.0,23977.0,24026.0,23728.0,23624.0,23540.0,23634.0,23389.0,23137.0,22885.0,22737.0,22628.0,22341.0,21896.0,21858.0,21564.0,21039.0,20905.0,20713.0,20167.0,20311.0,19939.0,19668.0,19412.0
M,2,27958.0,29369.0,26664.0,26851.0,26404.0,26445.0,26131.0,25835.0,25619.0,25241.0,24782.0,24643.0,24442.0,24120.0,23971.0,24021.0,23724.0,23619.0,23537.0,23632.0,23386.0,23133.0,22881.0,22736.0,22628.0,22341.0,21895.0,21858.0,21562.0,21039.0,20904.0,20712.0,20166.0,20309.0,19937.0,19668.0
M,3,28989.0,27944.0,29355.0,26659.0,26841.0,26394.0,26436.0,26111.0,25827.0,25610.0,25238.0,24773.0,24636.0,24436.0,24114.0,23963.0,24015.0,23719.0,23615.0,23533.0,23627.0,23385.0,23131.0,22879.0,22735.0,22627.0,22339.0,21894.0,21855.0,21561.0,21038.0,20904.0,20712.0,20165.0,20307.0,19937.0
M,4,29454.0,28981.0,27932.0,29350.0,26653.0,26830.0,26384.0,26430.0,26107.0,25822.0,25601.0,25232.0,24769.0,24626.0,24435.0,24112.0,23959.0,24008.0,23710.0,23613.0,23530.0,23623.0,23384.0,23130.0,22874.0,22735.0,22625.0,22339.0,21893.0,21854.0,21561.0,21037.0,20904.0,20712.0,20164.0,20306.0
M,5,30339.0,29453.0,28981.0,27930.0,29349.0,26652.0,26829.0,26383.0,26429.0,26107.0,25822.0,25600.0,25231.0,24769.0,24624.0,24434.0,24112.0,23959.0,24008.0,23707.0,23613.0,23530.0,23623.0,23384.0,23130.0,22874.0,22734.0,22625.0,22339.0,21893.0,21854.0,21561.0,21037.0,20904.0,20712.0,20164.0
M,6,31761.0,30337.0,29453.0,28980.0,27929.0,29346.0,26652.0,26828.0,26381.0,26427.0,26106.0,25820.0,25599.0,25231.0,24768.0,24622.0,24434.0,24112.0,23959.0,24007.0,23706.0,23613.0,23530.0,23623.0,23383.0,23129.0,22873.0,22733.0,22625.0,22339.0,21893.0,21854.0,21561.0,21037.0,20904.0,20712.0
M,7,31747.0,31761.0,30337.0,29452.0,28978.0,27928.0,29345.0,26651.0,26827.0,26380.0,26425.0,26105.0,25818.0,25599.0,25231.0,24767.0,24622.0,24433.0,24112.0,23959.0,24005.0,23706.0,23613.0,23529.0,23623.0,23382.0,23129.0,22873.0,22733.0,22625.0,22339.0,21893.0,21853.0,21561.0,21037.0,20903.0
M,8,31877.0,31746.0,31758.0,30335.0,29452.0,28977.0,27926.0,29343.0,26649.0,26827.0,26379.0,26425.0,26105.0,25818.0,25597.0,25231.0,24767.0,24621.0,24432.0,24112.0,23958.0,24005.0,23706.0,23612.0,23528.0,23623.0,23382.0,23129.0,22873.0,22733.0,22625.0,22339.0,21893.0,21852.0,21560.0,21037.0
M,9,31832.0,31875.0,31744.0,31756.0,30334.0,29452.0,28975.0,27926.0,29341.0,26648.0,26826.0,26378.0,26423.0,26104.0,25817.0,25597.0,25231.0,24767.0,24620.0,24431.0,24112.0,23957.0,24005.0,23705.0,23612.0,23528.0,23623.0,23382.0,23129.0,22873.0,22733.0,22625.0,22339.0,21893.0,21852.0,21560.0
M,10,33040.0,31831.0,31871.0,31743.0,31754.0,30330.0,29450.0,28974.0,27925.0,29339.0,26646.0,26822.0,26377.0,26421.0,26102.0,25817.0,25596.0,25230.0,24766.0,24620.0,24431.0,24112.0,23955.0,24005.0,23705.0,23612.0,23527.0,23623.0,23381.0,23129.0,22872.0,22733.0,22624.0,22339.0,21892.0,21852.0
M,11,33476.0,33039.0,31830.0,31869.0,31743.0,31754.0,30329.0,29447.0,28972.0,27921.0,29338.0,26646.0,26822.0,26377.0,26419.0,26102.0,25816.0,25595.0,25229.0,24766.0,24619.0,24431.0,24112.0,23955.0,24004.0,23704.0,23611.0,23527.0,23622.0,23381.0,23129.0,22872.0,22733.0,22624.0,22339.0,21892.0
M,12,34255.0,33476.0,33037.0,31830.0,31867.0,31743.0,31753.0,30326.0,29444.0,28968.0,27921.0,29337.0,26646.0,26822.0,26376.0,26419.0,26101.0,25815.0,25595.0,25228.0,24765.0,24619.0,24430.0,24112.0,23955.0,24004.0,23704.0,23611.0,23527.0,23622.0,23381.0,23129.0,22872.0,22733.0,22624.0,22339.0
M,13,34985.0,34254.0,33475.0,33035.0,31830.0,31865.0,31741.0,31751.0,30325.0,29442.0,28968.0,27919.0,29336.0,26644.0,26821.0,26375.0,26418.0,26101.0,25815.0,25595.0,25227.0,24764.0,24619.0,24429.0,24112.0,23955.0,24004.0,23704.0,23611.0,23527.0,23621.0,23381.0,23128.0,22872.0,22733.0,22624.0
M,14,34749.0,34982.0,34252.0,33474.0,33035.0,31828.0,31864.0,31738.0,31750.0,30322.0,29441.0,28966.0,27918.0,29336.0,26642.0,26818.0,26371.0,26418.0,26100.0,25815.0,25594.0,25225.0,24764.0,24619.0,24429.0,24112.0,23955.0,24004.0,23703.0,23611.0,23527.0,23621.0,23381.0,23128.0,22872.0,22732.0
M,15,33731.0,34745.0,34972.0,34247.0,33462.0,33028.0,31826.0,31860.0,31736.0,31744.0,30317.0,29437.0,28959.0,27915.0,29332.0,26640.0,26815.0,26368.0,26416.0,26099.0,25812.0,25593.0,25225.0,24762.0,24619.0,24428.0,24112.0,23955.0,24004.0,23702.0,23608.0,23527.0,23621.0,23381.0,23128.0,22872.0
M,16,33891.0,33725.0,34742.0,34964.0,34237.0,33452.0,33020.0,31817.0,31850.0,31731.0,31742.0,30311.0,29431.0,28955.0,27914.0,29326.0,26637.0,26814.0,26364.0,26413.0,26096.0,25806.0,25592.0,25225.0,24761.0,24619.0,24427.0,24111.0,23954.0,24004.0,23702.0,23608.0,23526.0,23619.0,23381.0,23128.0
M,17,32980.0,33886.0,33719.0,34735.0,34961.0,34226.0,33448.0,33017.0,31811.0,31845.0,31720.0,31741.0,30304.0,29427.0,28950.0,27913.0,29323.0,26637.0,26812.0,26362.0,26410.0,26094.0,25804.0,25590.0,25225.0,24761.0,24616.0,24427.0,24111.0,23953.0,24004.0,23701.0,23608.0,23525.0,23619.0,23381.0
M,18,33334.0,32977.0,33881.0,33712.0,34726.0,34956.0,34215.0,33443.0,33010.0,31807.0,31838.0,31716.0,31740.0,30300.0,29426.0,28950.0,27908.0,29319.0,26633.0,26807.0,26359.0,26406.0,26092.0,25804.0,25590.0,25224.0,24761.0,24612.0,24425.0,24111.0,23952.0,24003.0,23701.0,23606.0,23525.0,23619.0
M,19,32888.0,33328.0,32970.0,33875.0,33702.0,34717.0,34953.0,34212.0,33439.0,33000.0,31801.0,31831.0,31710.0,31731.0,30298.0,29424.0,28947.0,27904.0,29318.0,26623.0,26805.0,26358.0,26402.0,26090.0,25802.0,25588.0,25221.0,24760.0,24612.0,24424.0,24110.0,23952.0,24003.0,23700.0,23606.0,23523.0
M,20,32354.0,32875.0,33321.0,32967.0,33868.0,33697.0,34709.0,34943.0,34207.0,33430.0,32993.0,31795.0,31820.0,31705.0,31729.0,30295.0,29424.0,28943.0,27898.0,29317.0,26621.0,26803.0,26354.0,26401.0,26087.0,25801.0,25588.0,25221.0,24758.0,24610.0,24424.0,24109.0,23952.0,24002.0,23700.0,23605.0
M,21,33404.0,32347.0,32870.0,33316.0,32955.0,33860.0,33685.0,34698.0,34934.0,34196.0,33427.0,32982.0,31791.0,31817.0,31701.0,31722.0,30293.0,29423.0,28942.0,27896.0,29314.0,26620.0,26803.0,26351.0,26400.0,26086.0,25801.0,25586.0,25218.0,24758.0,24608.0,24423.0,24108.0,23951.0,24000.0,23698.0
M,22,35241.0,33396.0,32342.0,32859.0,33311.0,32950.0,33853.0,33677.0,34691.0,34929.0,34187.0,33421.0,32974.0,31784.0,31810.0,31698.0,31715.0,30291.0,29419.0,28939.0,27894.0,29313.0,26620.0,26799.0,26350.0,26399.0,26085.0,25800.0,25584.0,25217.0,24758.0,24607.0,24422.0,24107.0,23951.0,24000.0
M,23,35569.0,35233.0,33383.0,32333.0,32847.0,33294.0,32943.0,33842.0,33667.0,34682.0,34922.0,34179.0,33413.0,32967.0,31780.0,31807.0,31691.0,31715.0,30290.0,29417.0,28935.0,27892.0,29313.0,26616.0,26797.0,26349.0,26398.0,26084.0,25800.0,25584.0,25217.0,24757.0,24606.0,24422.0,24107.0,23950.0
M,24,35369.0,35565.0,35225.0,33374.0,32324.0,32839.0,33290.0,32938.0,33833.0,33656.0,34672.0,34915.0,34172.0,33406.0,32962.0,31779.0,31806.0,31686.0,31713.0,30286.0,29413.0,28933.0,27891.0,29311.0,26615.0,26795.0,26349.0,26398.0,26083.0,25797.0,25583.0,25217.0,24757.0,24606.0,24421.0,24106.0
M,25,36562.0,35359.0,35553.0,35211.0,33367.0,32315.0,32829.0,33277.0,32924.0,33823.0,33647.0,34666.0,34907.0,34159.0,33401.0,32955.0,31776.0,31799.0,31676.0,31708.0,30280.0,29409.0,28932.0,27887.0,29308.0,26614.0,26794.0,26347.0,26395.0,26082.0,25795.0,25582.0,25217.0,24757.0,24605.0,24421.0
M,26,37633.0,36545.0,35345.0,35534.0,35198.0,33353.0,32303.0,32819.0,33262.0,32913.0,33809.0,33639.0,34659.0,34896.0,34154.0,33393.0,32950.0,31774.0,31793.0,31673.0,31702.0,30275.0,29403.0,28931.0,27886.0,29307.0,26612.0,26792.0,26345.0,26395.0,26082.0,25795.0,25581.0,25215.0,24756.0,24605.0
M,27,37911.0,37620.0,36533.0,35332.0,35523.0,35186.0,33335.0,32297.0,32806.0,33255.0,32907.0,33800.0,33628.0,34647.0,34890.0,34145.0,33386.0,32944.0,31769.0,31790.0,31669.0,31697.0,30274.0,29399.0,28928.0,27883.0,29305.0,26612.0,26790.0,26345.0,26395.0,26082.0,25794.0,25578.0,25214.0,24755.0
M,28,38057.0,37901.0,37601.0,36516.0,35318.0,35509.0,35168.0,33321.0,32285.0,32798.0,33239.0,32899.0,33785.0,33621.0,34638.0,34881.0,34140.0,33378.0,32937.0,31765.0,31789.0,31664.0,31689.0,30272.0,29396.0,28925.0,27882.0,29304.0,26612.0,26789.0,26345.0,26393.0,26077.0,25793.0,25576.0,25213.0
M,29,38611.0,38045.0,37888.0,37594.0,36501.0,35300.0,35494.0,35157.0,33313.0,32277.0,32795.0,33228.0,32889.0,33774.0,33614.0,34632.0,34872.0,34135.0,33376.0,32930.0,31761.0,31786.0,31662.0,31687.0,30265.0,29394.0,28923.0,27881.0,29304.0,26611.0,26789.0,26342.0,26393.0,26074.0,25792.0,25575.0
M,30,39820.0,38600.0,38033.0,37870.0,37582.0,36490.0,35288.0,35482.0,35144.0,33308.0,32264.0,32791.0,33217.0,32874.0,33766.0,33605.0,34626.0,34870.0,34128.0,33370.0,32924.0,31754.0,31786.0,31661.0,31683.0,30264.0,29393.0,28923.0,27881.0,29302.0,26611.0,26788.0,26339.0,26393.0,26072.0,25791.0
M,31,40282.0,39810.0,38586.0,38021.0,37862.0,37571.0,36481.0,35281.0,35471.0,35130.0,33298.0,32260.0,32785.0,33206.0,32867.0,33755.0,33603.0,34621.0,34863.0,34123.0,33363.0,32918.0,31749.0,31782.0,31657.0,31681.0,30261.0,29393.0,28921.0,27878.0,29299.0,26611.0,26786.0,26338.0,26390.0,26072.0
M,32,40727.0,40270.0,39796.0,38579.0,38004.0,37844.0,37562.0,36468.0,35269.0,35451.0,35120.0,33287.0,32255.0,32778.0,33198.0,32858.0,33751.0,33598.0,34614.0,34856.0,34117.0,33359.0,32912.0,31746.0,31778.0,31655.0,31677.0,30259.0,29392.0,28919.0,27878.0,29299.0,26611.0,26784.0,26338.0,26388.0
M,33,40275.0,40708.0,40253.0,39783.0,38563.0,37994.0,37832.0,37552.0,36460.0,35263.0,35437.0,35111.0,33280.0,32245.0,32772.0,33193.0,32852.0,33744.0,33597.0,34611.0,34851.0,34115.0,33354.0,32906.0,31742.0,31775.0,31654.0,31677.0,30258.0,29391.0,28919.0,27876.0,29298.0,26611.0,26782.0,26338.0
M,34,40075.0,40266.0,40691.0,40237.0,39766.0,38549.0,37983.0,37827.0,37538.0,36447.0,35252.0,35427.0,35100.0,33270.0,32233.0,32765.0,33184.0,32840.0,33739.0,33593.0,34609.0,34847.0,34113.0,33352.0,32904.0,31739.0,31772.0,31654.0,31675.0,30256.0,29389.0,28917.0,27875.0,29297.0,26611.0,26780.0
M,35,38393.0,40056.0,40245.0,40672.0,40218.0,39752.0,38534.0,37969.0,37810.0,37522.0,36429.0,35241.0,35413.0,35085.0,33260.0,32224.0,32759.0,33180.0,32835.0,33733.0,33588.0,34605.0,34840.0,34109.0,33348.0,32895.0,31736.0,31770.0,31653.0,31674.0,30253.0,29389.0,28914.0,27873.0,29295.0,26610.0
M,36,38662.0,38377.0,40040.0,40222.0,40646.0,40198.0,39733.0,38515.0,37954.0,37801.0,37503.0,36410.0,35222.0,35405.0,35077.0,33242.0,32219.0,32751.0,33175.0,32826.0,33727.0,33584.0,34602.0,34838.0,34105.0,33341.0,32892.0,31735.0,31767.0,31651.0,31671.0,30252.0,29388.0,28912.0,27873.0,29295.0
M,37,37985.0,38650.0,38361.0,40019.0,40204.0,40627.0,40180.0,39717.0,38502.0,37941.0,37787.0,37491.0,36406.0,35209.0,35396.0,35065.0,33231.0,32213.0,32739.0,33166.0,32818.0,33720.0,33582.0,34597.0,34832.0,34104.0,33339.0,32890.0,31732.0,31764.0,31650.0,31669.0,30251.0,29383.0,28910.0,27871.0
M,38,37174.0,37972.0,38627.0,38340.0,39997.0,40183.0,40599.0,40162.0,39700.0,38485.0,37929.0,37775.0,37475.0,36393.0,35197.0,35383.0,35056.0,33227.0,32209.0,32736.0,33164.0,32814.0,33714.0,33574.0,34593.0,34828.0,34101.0,33339.0,32888.0,31732.0,31762.0,31648.0,31667.0,30250.0,29381.0,28907.0
M,39,37362.0,37160.0,37956.0,38612.0,38328.0,39976.0,40163.0,40578.0,40149.0,39678.0,38469.0,37916.0,37766.0,37464.0,36381.0,35191.0,35377.0,35050.0,33219.0,32199.0,32734.0,33157.0,32809.0,33711.0,33567.0,34590.0,34828.0,34101.0,33338.0,32888.0,31729.0,31758.0,31647.0,31665.0,30250.0,29381.0
M,40,37429.0,37334.0,37140.0,37932.0,38580.0,38294.0,39943.0,40132.0,40556.0,40125.0,39649.0,38451.0,37901.0,37749.0,37446.0,36369.0,35178.0,35362.0,35045.0,33204.0,32188.0,32724.0,33149.0,32800.0,33705.0,33558.0,34589.0,34825.0,34097.0,33335.0,32881.0,31727.0,31755.0,31645.0,31661.0,30246.0
M,41,36190.0,37413.0,37310.0,37123.0,37904.0,38564.0,38272.0,39909.0,40113.0,40537.0,40096.0,39630.0,38436.0,37885.0,37729.0,37433.0,36360.0,35159.0,35354.0,35036.0,33195.0,32179.0,32714.0,33142.0,32794.0,33699.0,33553.0,34586.0,34821.0,34092.0,33328.0,32880.0,31726.0,31749.0,31643.0,31660.0
M,42,36976.0,36165.0,37380.0,37275.0,37095.0,37878.0,38535.0,38249.0,39884.0,40097.0,40517.0,40080.0,39615.0,38419.0,37853.0,37712.0,37416.0,36349.0,35149.0,35347.0,35022.0,33189.0,32173.0,32711.0,33141.0,32786.0,33693.0,33550.0,34582.0,34818.0,34091.0,33323.0,32876.0,31719.0,31745.0,31641.0
M,43,36250.0,36949.0,36146.0,37346.0,37248.0,37065.0,37856.0,38509.0,38230.0,39858.0,40078.0,40489.0,40054.0,39599.0,38400.0,37835.0,37704.0,37404.0,36331.0,35135.0,35339.0,35014.0,33183.0,32165.0,32707.0,33137.0,32781.0,33690.0,33546.0,34578.0,34816.0,34089.0,33323.0,32874.0,31717.0,31743.0
M,44,36012.0,36229.0,36923.0,36113.0,37318.0,37223.0,37041.0,37833.0,38479.0,38205.0,39833.0,40058.0,40465.0,40035.0,39583.0,38391.0,37822.0,37695.0,37394.0,36319.0,35127.0,35331.0,35007.0,33178.0,32160.0,32704.0,33134.0,32774.0,33687.0,33543.0,34573.0,34816.0,34083.0,33320.0,32873.0,31714.0
M,45,34884.0,35983.0,36201.0,36883.0,36069.0,37278.0,37181.0,37014.0,37800.0,38441.0,38171.0,39802.0,40028.0,40443.0,40016.0,39572.0,38369.0,37811.0,37675.0,37378.0,36305.0,35114.0,35321.0,35000.0,33170.0,32148.0,32702.0,33128.0,32771.0,33685.0,33538.0,34571.0,34813.0,34078.0,33317.0,32869.0
M,46,35776.0,34853.0,35936.0,36162.0,36838.0,36034.0,37243.0,37153.0,36986.0,37773.0,38415.0,38143.0,39767.0,40006.0,40423.0,39990.0,39559.0,38349.0,37793.0,37656.0,37364.0,36292.0,35102.0,35312.0,34996.0,33164.0,32144.0,32699.0,33124.0,32766.0,33679.0,33537.0,34569.0,34808.0,34069.0,33314.0
M,47,36463.0,35744.0,34809.0,35910.0,36120.0,36803.0,35989.0,37207.0,37118.0,36956.0,37742.0,38384.0,38110.0,39742.0,39981.0,40394.0,39971.0,39542.0,38335.0,37784.0,37647.0,37353.0,36281.0,35087.0,35300.0,34992.0,33159.0,32137.0,32693.0,33121.0,32763.0,33672.0,33534.0,34564.0,34805.0,34062.0
M,48,37822.0,36433.0,35708.0,34778.0,35883.0,36076.0,36781.0,35952.0,37174.0,37089.0,36924.0,37705.0,38365.0,38091.0,39726.0,39962.0,40374.0,39953.0,39531.0,38320.0,37769.0,37639.0,37342.0,36273.0,35077.0,35286.0,34984.0,33157.0,32134.0,32690.0,33118.0,32761.0,33668.0,33534.0,34560.0,34803.0
M,49,38079.0,37782.0,36397.0,35678.0,34745.0,35850.0,36037.0,36752.0,35915.0,37137.0,37055.0,36900.0,37672.0,38346.0,38070.0,39706.0,39950.0,40350.0,39939.0,39518.0,38308.0,37747.0,37630.0,37333.0,36259.0,35071.0,35282.0,34979.0,33152.0,32131.0,32688.0,33114.0,32757.0,33660.0,33532.0,34558.0
M,50,39204.0,38037.0,37717.0,36332.0,35622.0,34684.0,35809.0,35988.0,36692.0,35875.0,37094.0,37009.0,36862.0,37626.0,38312.0,38038.0,39680.0,39918.0,40326.0,39915.0,39496.0,38286.0,37732.0,37609.0,37322.0,36242.0,35054.0,35276.0,34970.0,33146.0,32125.0,32678.0,33109.0,32753.0,33653.0,33523.0
M,51,38960.0,39150.0,37979.0,37649.0,36275.0,35571.0,34632.0,35762.0,35933.0,36648.0,35822.0,37051.0,36965.0,36831.0,37571.0,38284.0,38021.0,39657.0,39896.0,40307.0,39893.0,39476.0,38259.0,37720.0,37604.0,37308.0,36234.0,35045.0,35266.0,34960.0,33142.0,32119.0,32671.0,33103.0,32748.0,33646.0
M,52,38530.0,38901.0,39077.0,37928.0,37598.0,36225.0,35511.0,34593.0,35708.0,35886.0,36617.0,35778.0,37020.0,36919.0,36791.0,37534.0,38253.0,37991.0,39640.0,39871.0,40281.0,39870.0,39460.0,38247.0,37707.0,37589.0,37293.0,36221.0,35033.0,35257.0,34957.0,33131.0,32113.0,32663.0,33095.0,32739.0
M,53,39127.0,38465.0,38833.0,39004.0,37858.0,37538.0,36162.0,35452.0,34553.0,35653.0,35826.0,36580.0,35733.0,36971.0,36884.0,36754.0,37500.0,38225.0,37961.0,39618.0,39841.0,40254.0,39851.0,39441.0,38230.0,37694.0,37577.0,37285.0,36213.0,35023.0,35254.0,34949.0,33122.0,32111.0,32655.0,33082.0
M,54,38711.0,39075.0,38388.0,38770.0,38937.0,37795.0,37484.0,36098.0,35391.0,34511.0,35619.0,35774.0,36541.0,35697.0,36932.0,36860.0,36727.0,37479.0,38198.0,37932.0,39595.0,39816.0,40237.0,39831.0,39421.0,38215.0,37686.0,37564.0,37279.0,36207.0,35018.0,35243.0,34940.0,33115.0,32105.0,32649.0
M,55,37445.0,38632.0,38987.0,38278.0,38684.0,38830.0,37699.0,37399.0,36009.0,35314.0,34430.0,35554.0,35715.0,36481.0,35656.0,36887.0,36824.0,36688.0,37436.0,38150.0,37895.0,39569.0,39786.0,40210.0,39790.0,39405.0,38194.0,37672.0,37552.0,37268.0,36191.0,35010.0,35233.0,34935.0,33107.0,32099.0
M,56,37508.0,37360.0,38551.0,38902.0,38165.0,38593.0,38741.0,37597.0,37319.0,35928.0,35245.0,34363.0,35481.0,35655.0,36425.0,35592.0,36847.0,36793.0,36651.0,37395.0,38114.0,37861.0,39532.0,39762.0,40189.0,39767.0,39395.0,38172.0,37650.0,37536.0,37259.0,36180.0,35003.0,35219.0,34929.0,33097.0
M,57,36634.0,37426.0,37266.0,38452.0,38796.0,38080.0,38503.0,38646.0,37515.0,37228.0,35858.0,35178.0,34298.0,35423.0,35603.0,36365.0,35554.0,36792.0,36763.0,36603.0,37366.0,38086.0,37837.0,39501.0,39739.0,40162.0,39753.0,39385.0,38159.0,37634.0,37524.0,37253.0,36166.0,34997.0,35201.0,34916.0
M,58,35796.0,36560.0,37329.0,37166.0,38343.0,38693.0,37989.0,38399.0,38561.0,37429.0,37152.0,35801.0,35115.0,34230.0,35370.0,35560.0,36320.0,35519.0,36742.0,36727.0,36575.0,37334.0,38050.0,37806.0,39479.0,39706.0,40141.0,39740.0,39375.0,38149.0,37618.0,37512.0,37237.0,36156.0,34983.0,35191.0
M,59,33856.0,35710.0,36477.0,37215.0,37067.0,38258.0,38592.0,37897.0,38317.0,38469.0,37343.0,37091.0,35747.0,35055.0,34188.0,35313.0,35514.0,36284.0,35475.0,36702.0,36700.0,36529.0,37300.0,38025.0,37784.0,39458.0,39694.0,40126.0,39723.0,39364.0,38138.0,37610.0,37498.0,37226.0,36148.0,34969.0
M,60,33238.0,33727.0,35577.0,36332.0,37046.0,36915.0,38091.0,38442.0,37753.0,38186.0,38339.0,37226.0,36983.0,35648.0,34965.0,34100.0,35263.0,35445.0,36225.0,35414.0,36641.0,36650.0,36492.0,37258.0,37996.0,37753.0,39427.0,39674.0,40103.0,39701.0,39342.0,38122.0,37591.0,37476.0,37204.0,36129.0
M,61,32420.0,33112.0,33581.0,35421.0,36181.0,36885.0,36755.0,37937.0,38308.0,37610.0,38054.0,38235.0,37098.0,36858.0,35558.0,34891.0,34024.0,35186.0,35392.0,36167.0,35356.0,36585.0,36606.0,36448.0,37226.0,37968.0,37722.0,39408.0,39654.0,40079.0,39682.0,39319.0,38103.0,37577.0,37463.0,37183.0
M,62,31875.0,32281.0,32977.0,33431.0,35256.0,36031.0,36733.0,36617.0,37796.0,38161.0,37484.0,37937.0,38108.0,36987.0,36764.0,35474.0,34810.0,33951.0,35117.0,35329.0,36112.0,35308.0,36536.0,36562.0,36403.0,37197.0,37936.0,37687.0,39388.0,39634.0,40065.0,39658.0,39294.0,38089.0,37559.0,37448.0
M,63,31627.0,31763.0,32135.0,32850.0,33314.0,35113.0,35893.0,36586.0,36466.0,37654.0,38034.0,37349.0,37819.0,38027.0,36889.0,36684.0,35399.0,34747.0,33890.0,35056.0,35283.0,36063.0,35261.0,36503.0,36518.0,36376.0,37168.0,37915.0,37666.0,39361.0,39603.0,40044.0,39638.0,39281.0,38069.0,37541.0
M,64,30857.0,31484.0,31648.0,31984.0,32724.0,33152.0,34972.0,35753.0,36455.0,36338.0,37525.0,37913.0,37241.0,37706.0,37939.0,36792.0,36606.0,35329.0,34691.0,33838.0,35010.0,35245.0,36014.0,35230.0,36467.0,36493.0,36349.0,37143.0,37894.0,37647.0,39346.0,39576.0,40028.0,39621.0,39270.0,38057.0
M,65,29861.0,30643.0,31283.0,31415.0,31750.0,32489.0,32910.0,34731.0,35530.0,36242.0,36120.0,37346.0,37727.0,37076.0,37542.0,37797.0,36660.0,36496.0,35202.0,34584.0,33749.0,34919.0,35154.0,35940.0,35165.0,36418.0,36440.0,36312.0,37108.0,37862.0,37616.0,39311.0,39536.0,39992.0,39597.0,39241.0
M,66,29798.0,29680.0,30416.0,31058.0,31167.0,31512.0,32250.0,32656.0,34502.0,35318.0,36043.0,35908.0,37137.0,37546.0,36906.0,37384.0,37651.0,36524.0,36391.0,35115.0,34486.0,33685.0,34854.0,35086.0,35865.0,35118.0,36365.0,36403.0,36272.0,37072.0,37840.0,37590.0,39275.0,39498.0,39955.0,39568.0
M,67,28764.0,29599.0,29464.0,30195.0,30815.0,30936.0,31287.0,32036.0,32437.0,34296.0,35111.0,35827.0,35722.0,36948.0,37389.0,36763.0,37245.0,37519.0,36389.0,36278.0,35022.0,34410.0,33613.0,34791.0,35019.0,35814.0,35070.0,36327.0,36367.0,36224.0,37040.0,37801.0,37562.0,39252.0,39465.0,39922.0
M,68,27721.0,28571.0,29384.0,29221.0,29964.0,30572.0,30713.0,31062.0,31820.0,32241.0,34067.0,34930.0,35645.0,35522.0,36787.0,37214.0,36623.0,37115.0,37394.0,36278.0,36187.0,34927.0,34310.0,33553.0,34720.0,34961.0,35768.0,35036.0,36288.0,36334.0,36186.0,37006.0,37769.0,37520.0,39216.0,39441.0
M,69,26980.0,27541.0,28325.0,29153.0,28983.0,29749.0,30369.0,30497.0,30869.0,31601.0,32039.0,33873.0,34739.0,35478.0,35350.0,36643.0,37085.0,36490.0,36970.0,37287.0,36159.0,36102.0,34840.0,34253.0,33496.0,34669.0,34899.0,35729.0,35005.0,36248.0,36292.0,36154.0,36982.0,37739.0,37490.0,39173.0
M,70,26474.0,26705.0,27209.0,28001.0,28772.0,28633.0,29381.0,30023.0,30162.0,30555.0,31257.0,31755.0,33559.0,34449.0,35209.0,35103.0,36423.0,36885.0,36290.0,36774.0,37120.0,35981.0,35945.0,34726.0,34150.0,33417.0,34590.0,34850.0,35669.0,34942.0,36190.0,36238.0,36097.0,36937.0,37680.0,37441.0
M,71,25160.0,26208.0,26429.0,26862.0,27658.0,28446.0,28267.0,29063.0,29695.0,29843.0,30230.0,30968.0,31492.0,33285.0,34192.0,35000.0,34892.0,36224.0,36707.0,36098.0,36616.0,36988.0,35840.0,35812.0,34622.0,34053.0,33337.0,34529.0,34802.0,35605.0,34878.0,36139.0,36195.0,36043.0,36881.0,37634.0
M,72,25075.0,24917.0,25926.0,26115.0,26492.0,27328.0,28126.0,27966.0,28710.0,29364.0,29542.0,29970.0,30676.0,31226.0,33024.0,33951.0,34765.0,34679.0,36016.0,36521.0,35929.0,36465.0,36862.0,35722.0,35717.0,34535.0,33980.0,33287.0,34471.0,34746.0,35552.0,34821.0,36084.0,36139.0,36001.0,36838.0
M,73,24671.0,24815.0,24606.0,25618.0,25754.0,26161.0,27008.0,27793.0,27664.0,28388.0,29079.0,29245.0,29692.0,30423.0,31010.0,32801.0,33728.0,34573.0,34504.0,35831.0,36362.0,35792.0,36317.0,36721.0,35627.0,35633.0,34471.0,33913.0,33231.0,34431.0,34693.0,35501.0,34768.0,36030.0,36091.0,35950.0
M,74,24612.0,24394.0,24531.0,24274.0,25306.0,25444.0,25839.0,26687.0,27501.0,27366.0,28083.0,28778.0,28966.0,29472.0,30207.0,30785.0,32613.0,33529.0,34384.0,34336.0,35667.0,36205.0,35670.0,36185.0,36621.0,35549.0,35547.0,34400.0,33849.0,33174.0,34374.0,34635.0,35452.0,34719.0,35983.0,36049.0
M,75,24288.0,24119.0,23850.0,23980.0,23717.0,24771.0,24908.0,25304.0,26116.0,26961.0,26880.0,27625.0,28355.0,28551.0,29100.0,29847.0,30446.0,32287.0,33213.0,34094.0,34049.0,35410.0,35956.0,35459.0,35988.0,36465.0,35396.0,35438.0,34278.0,33752.0,33088.0,34284.0,34533.0,35380.0,34641.0,35904.0
M,76,24418.0,23819.0,23618.0,23327.0,23493.0,23196.0,24261.0,24403.0,24810.0,25622.0,26466.0,26417.0,27202.0,27948.0,28166.0,28773.0,29551.0,30154.0,31989.0,32929.0,33814.0,33788.0,35180.0,35728.0,35289.0,35835.0,36341.0,35266.0,35346.0,34172.0,33673.0,33007.0,34197.0,34446.0,35290.0,34577.0
M,77,20835.0,23922.0,23330.0,23133.0,22805.0,22977.0,22702.0,23729.0,23917.0,24374.0,25180.0,26009.0,26002.0,26780.0,27543.0,27842.0,28448.0,29262.0,29853.0,31715.0,32662.0,33560.0,33578.0,34967.0,35544.0,35140.0,35666.0,36223.0,35148.0,35247.0,34079.0,33584.0,32925.0,34111.0,34360.0,35201.0
M,78,19491.0,20435.0,23445.0,22759.0,22618.0,22269.0,22444.0,22203.0,23250.0,23486.0,23927.0,24745.0,25612.0,25624.0,26415.0,27224.0,27521.0,28138.0,28988.0,29602.0,31452.0,32397.0,33351.0,33384.0,34774.0,35385.0,34999.0,35549.0,36121.0,35059.0,35159.0,33995.0,33500.0,32840.0,34023.0,34288.0
M,79,16617.0,19135.0,19962.0,22896.0,22239.0,22139.0,21793.0,21971.0,21781.0,22827.0,23092.0,23533.0,24387.0,25230.0,25273.0,26114.0,26896.0,27226.0,27858.0,28748.0,29383.0,31224.0,32166.0,33157.0,33198.0,34618.0,35258.0,34900.0,35450.0,36027.0,34954.0,35062.0,33901.0,33421.0,32758.0,33952.0
M,80,14484.0,16035.0,18354.0,19158.0,21955.0,21374.0,21301.0,20980.0,21172.0,21090.0,22073.0,22395.0,22896.0,23790.0,24651.0,24781.0,25577.0,26424.0,26773.0,27453.0,28314.0,28961.0,30878.0,31794.0,32816.0,32936.0,34382.0,35032.0,34729.0,35261.0,35846.0,34764.0,34890.0,33748.0,33262.0,32630.0
M,81,11843.0,13937.0,15412.0,17662.0,18382.0,21135.0,20557.0,20520.0,20216.0,20470.0,20427.0,21420.0,21774.0,22319.0,23230.0,24156.0,24282.0,25118.0,25971.0,26357.0,27035.0,27929.0,28623.0,30548.0,31496.0,32558.0,32690.0,34174.0,34835.0,34533.0,35074.0,35683.0,34594.0,34717.0,33582.0,33110.0
M,82,11475.0,11421.0,13397.0,14797.0,16967.0,17671.0,20357.0,19796.0,19804.0,19495.0,19834.0,19807.0,20804.0,21173.0,21770.0,22783.0,23671.0,23839.0,24700.0,25590.0,25940.0,26663.0,27631.0,28328.0,30267.0,31235.0,32325.0,32508.0,33972.0,34654.0,34365.0,34896.0,35512.0,34451.0,34556.0,33439.0
M,83,10253.0,11075.0,10986.0,12865.0,14189.0,16287.0,17045.0,19610.0,19060.0,19143.0,18855.0,19245.0,19240.0,20239.0,20625.0,21324.0,22348.0,23241.0,23421.0,24305.0,25202.0,25577.0,26361.0,27343.0,28071.0,30015.0,31001.0,32135.0,32328.0,33814.0,34477.0,34195.0,34713.0,35337.0,34289.0,34414.0
M,84,9065.0,9892.0,10684.0,10539.0,12294.0,13654.0,15686.0,16428.0,18940.0,18414.0,18582.0,18282.0,18727.0,18714.0,19716.0,20202.0,20884.0,21948.0,22859.0,23030.0,23936.0,24866.0,25315.0,26092.0,27107.0,27823.0,29800.0,30801.0,31969.0,32168.0,33639.0,34335.0,34038.0,34556.0,35163.0,34147.0
M,85,7812.0,8478.0,9150.0,9862.0,9731.0,11386.0,12649.0,14546.0,15291.0,17729.0,17273.0,17496.0,17318.0,17806.0,17885.0,18914.0,19455.0,20099.0,21243.0,22169.0,22384.0,23297.0,24266.0,24783.0,25617.0,26668.0,27407.0,29446.0,30499.0,31678.0,31867.0,33344.0,34019.0,33767.0,34294.0,34880.0
M,86,6657.0,7277.0,7854.0,8419.0,9112.0,9013.0,10517.0,11771.0,13546.0,14321.0,16650.0,16298.0,16590.0,16514.0,17012.0,17077.0,18193.0,18788.0,19478.0,20603.0,21541.0,21812.0,22737.0,23758.0,24321.0,25198.0,26339.0,27108.0,29137.0,30191.0,31388.0,31518.0,33059.0,33715.0,33482.0,34037.0
M,87,5523.0,6179.0,6735.0,7237.0,7798.0,8401.0,8328.0,9714.0,11004.0,12710.0,13439.0,15689.0,15401.0,15792.0,15778.0,16289.0,16397.0,17508.0,18127.0,18892.0,19988.0,20980.0,21316.0,22263.0,23340.0,23936.0,24843.0,26038.0,26849.0,28829.0,29909.0,31080.0,31246.0,32766.0,33398.0,33197.0
M,88,4721.0,5185.0,5661.0,6245.0,6667.0,7231.0,7814.0,7741.0,9088.0,10262.0,11926.0,12631.0,14874.0,14615.0,15108.0,15143.0,15669.0,15826.0,17004.0,17575.0,18338.0,19489.0,20462.0,20868.0,21831.0,22963.0,23579.0,24543.0,25787.0,26563.0,28534.0,29641.0,30794.0,30954.0,32492.0,33124.0
M,89,4033.0,4429.0,4810.0,5244.0,5798.0,6144.0,6684.0,7243.0,7230.0,8489.0,9597.0,11257.0,11960.0,14119.0,13952.0,14464.0,14562.0,15137.0,15317.0,16472.0,17065.0,17846.0,19027.0,20001.0,20446.0,21458.0,22634.0,23311.0,24304.0,25546.0,26293.0,28247.0,29369.0,30508.0,30695.0,32173.0
M,90,3616.0,3433.0,3739.0,3984.0,4362.0,4806.0,5134.0,5675.0,6150.0,6191.0,7301.0,8309.0,9869.0,10671.0,12702.0,12615.0,13230.0,13406.0,14008.0,14232.0,15407.0,16020.0,16917.0,18140.0,19194.0,19725.0,20764.0,22012.0,22789.0,23737.0,24995.0,25706.0,27666.0,28762.0,29920.0,30103.0
M,91,2747.0,2305.0,2145.0,2369.0,2461.0,2736.0,3006.0,3271.0,3632.0,3992.0,4030.0,4728.0,5410.0,6508.0,7101.0,8630.0,8663.0,9110.0,9262.0,9765.0,10035.0,10931.0,11423.0,12102.0,13007.0,13849.0,14321.0,15128.0,16127.0,16727.0,17449.0,18475.0,19042.0,20488.0,21280.0,22051.0
M,92,2294.0,1763.0,1483.0,1319.0,1477.0,1522.0,1690.0,1870.0,2048.0,2377.0,2566.0,2680.0,3116.0,3614.0,4427.0,4843.0,5901.0,5968.0,6244.0,6316.0,6756.0,7048.0,7677.0,8085.0,8643.0,9458.0,10059.0,10481.0,11083.0,11836.0,12267.0,12858.0,13619.0,14059.0,15061.0,15624.0
M,93,1703.0,1476.0,1133.0,940.0,845.0,936.0,965.0,1046.0,1209.0,1321.0,1576.0,1685.0,1806.0,2098.0,2452.0,2977.0,3294.0,4064.0,4152.0,4335.0,4479.0,4750.0,5042.0,5484.0,5765.0,6272.0,6879.0,7347.0,7723.0,8172.0,8714.0,9088.0,9483.0,10064.0,10402.0,11123.0
M,94,1256.0,1057.0,941.0,735.0,594.0,530.0,597.0,619.0,637.0,776.0,871.0,1033.0,1119.0,1218.0,1407.0,1679.0,2079.0,2321.0,2830.0,2882.0,2994.0,3138.0,3357.0,3589.0,3941.0,4159.0,4572.0,4968.0,5399.0,5679.0,6039.0,6313.0,6667.0,6932.0,7368.0,7610.0
M,95,887.0,649.0,569.0,488.0,378.0,310.0,288.0,320.0,333.0,319.0,401.0,488.0,573.0,641.0,717.0,873.0,1044.0,1280.0,1455.0,1844.0,1910.0,2035.0,2131.0,2283.0,2468.0,2727.0,2969.0,3254.0,3561.0,3846.0,4069.0,4332.0,4519.0,4790.0,4914.0,5248.0
M,96,692.0,466.0,341.0,284.0,251.0,197.0,147.0,169.0,182.0,179.0,181.0,235.0,290.0,330.0,377.0,419.0,545.0,627.0,827.0,919.0,1200.0,1271.0,1387.0,1482.0,1564.0,1702.0,1897.0,2075.0,2325.0,2506.0,2750.0,2924.0,3125.0,3258.0,3410.0,3500.0
M,97,469.0,373.0,230.0,173.0,143.0,118.0,104.0,77.0,103.0,109.0,94.0,108.0,142.0,187.0,193.0,235.0,247.0,333.0,399.0,530.0,600.0,782.0,875.0,958.0,1047.0,1095.0,1182.0,1329.0,1469.0,1676.0,1794.0,1985.0,2095.0,2203.0,2333.0,2438.0
M,98,286.0,253.0,180.0,131.0,93.0,62.0,58.0,57.0,41.0,50.0,57.0,53.0,62.0,83.0,127.0,130.0,144.0,156.0,213.0,244.0,360.0,386.0,536.0,630.0,673.0,737.0,769.0,841.0,958.0,1050.0,1230.0,1314.0,1422.0,1520.0,1613.0,1715.0
M,99,174.0,153.0,132.0,85.0,58.0,46.0,32.0,30.0,30.0,22.0,22.0,31.0,33.0,46.0,48.0,75.0,89.0,90.0,90.0,132.0,140.0,247.0,241.0,366.0,426.0,472.0,538.0,556.0,600.0,673.0,744.0,884.0,922.0,1011.0,1076.0,1139.0
M,100,95.0,71.0,68.0,51.0,38.0,23.0,14.0,14.0,11.0,17.0,12.0,8.0,11.0,18.0,24.0,21.0,36.0,55.0,47.0,47.0,80.0,90.0,171.0,141.0,244.0,275.0,300.0,363.0,384.0,416.0,472.0,518.0,611.0,644.0,728.0,750.0
M,101,54.0,21.0,15.0,15.0,7.0,6.0,1.0,5.0,3.0,4.0,3.0,2.0,1.0,4.0,6.0,3.0,4.0,10.0,17.0,10.0,12.0,22.0,26.0,61.0,46.0,77.0,92.0,95.0,125.0,121.0,128.0,150.0,166.0,199.0,217.0,242.0
M,102,32.0,12.0,4.0,1.0,3.0,2.0,1.0,1.0,2.0,,,1.0,1.0,,,2.0,1.0,1.0,1.0,4.0,1.0,5.0,5.0,7.0,25.0,17.0,26.0,40.0,35.0,52.0,56.0,61.0,59.0,61.0,77.0,76.0
M,103,21.0,9.0,6.0,,,,,,,,,,,1.0,,,,1.0,,1.0,3.0,,2.0,2.0,2.0,9.0,4.0,5.0,20.0,10.0,20.0,22.0,26.0,19.0,22.0,31.0
M,104,5.0,3.0,2.0,,,,,,,,,,,,,,,,1.0,,,2.0,,,,1.0,1.0,1.0,1.0,6.0,3.0,8.0,8.0,12.0,7.0,9.0
M,105,28.0,,1.0,,,,,,,,,,,,,,,,,,,,1.0,,,,,,,1.0,1.0,2.0,3.0,1.0,,2.0
M,106,,5.0,,,,,,,,,,,,,,,,,,,,,,,,,,,,,,,,3.0,1.0,
M,107,,,,,,,,,,,,,,,,,,,,,,,,,,,,,,,,,,,2.0,
M,108,,,,,,,,,,,,,,,,,,,,,,,,,,,,,,,,,,,,1.0
M,109,,,,,,,,,,,,,,,,,,,,,,,,,,,,,,,,,,,,
